date,close,volume
2015-01-02,2058.2,2708700000
2015-01-05,2020.58,3799120000
2015-01-06,2002.61,4460110000
2015-01-07,2025.9,3805480000
2015-01-08,2062.14,3934010000
2015-01-09,2044.81,3364140000
2015-01-12,2028.26,3456460000
2015-01-13,2023.03,4107300000
2015-01-14,2011.27,4378680000
2015-01-15,1992.67,4276720000
2015-01-16,2019.42,4056410000
2015-01-20,2022.55,3944340000
2015-01-21,2032.12,3730070000
2015-01-22,2063.15,4176050000
2015-01-23,2051.82,3573560000
2015-01-26,2057.09,3465760000
2015-01-27,2029.55,3329810000
2015-01-28,2002.16,4067530000
2015-01-29,2021.25,4127140000
2015-01-30,1994.99,4568650000
2015-02-02,2020.85,4008330000
2015-02-03,2050.03,4615900000
2015-02-04,2041.51,4141920000
2015-02-05,2062.52,3821990000
2015-02-06,2055.47,4232970000
2015-02-09,2046.74,3549540000
2015-02-10,2068.59,3669850000
2015-02-11,2068.53,3596860000
2015-02-12,2088.48,3788350000
2015-02-13,2096.99,3527450000
2015-02-17,2100.34,3361750000
2015-02-18,2099.68,3370020000
2015-02-19,2097.45,3247100000
2015-02-20,2110.3,3281600000
2015-02-23,2109.66,3093680000
2015-02-24,2115.48,3199840000
2015-02-25,2113.86,3312340000
2015-02-26,2110.74,3408690000
2015-02-27,2104.5,3547380000
2015-03-02,2117.39,3409490000
2015-03-03,2107.78,3262300000
2015-03-04,2098.53,3421110000
2015-03-05,2101.04,3103030000
2015-03-06,2071.26,3853570000
2015-03-09,2079.43,3349090000
2015-03-10,2044.16,3668900000
2015-03-11,2040.24,3406570000
2015-03-12,2065.95,3405860000
2015-03-13,2053.4,3498560000
2015-03-16,2081.19,3295600000
2015-03-17,2074.28,3221840000
2015-03-18,2099.5,4128210000
2015-03-19,2089.27,3305220000
2015-03-20,2108.1,5554120000
2015-03-23,2104.42,3267960000
2015-03-24,2091.5,3189820000
2015-03-25,2061.05,3521140000
2015-03-26,2056.15,3510670000
2015-03-27,2061.02,3008550000
2015-03-30,2086.24,2917690000
2015-03-31,2067.89,3376550000
2015-04-01,2059.69,3543270000
2015-04-02,2066.96,3095960000
2015-04-06,2080.62,3302970000
2015-04-07,2076.33,3065510000
2015-04-08,2081.9,3265330000
2015-04-09,2091.18,3172360000
2015-04-10,2102.06,3156200000
2015-04-13,2092.43,2908420000
2015-04-14,2095.84,3301270000
2015-04-15,2106.63,4013760000
2015-04-16,2104.99,3434120000
2015-04-17,2081.18,3627600000
2015-04-20,2100.4,3000160000
2015-04-21,2097.29,3243410000
2015-04-22,2107.96,3348480000
2015-04-23,2112.93,3636670000
2015-04-24,2117.69,3375780000
2015-04-27,2108.92,3438750000
2015-04-28,2114.76,3546270000
2015-04-29,2106.85,4074970000
2015-04-30,2085.51,4509680000
2015-05-01,2108.29,3379390000
2015-05-04,2114.49,3091580000
2015-05-05,2089.46,3793950000
2015-05-06,2080.15,3792210000
2015-05-07,2088.0,3676640000
2015-05-08,2116.1,3399440000
2015-05-11,2105.33,2992670000
2015-05-12,2099.12,3139520000
2015-05-13,2098.48,3374260000
2015-05-14,2121.1,3225740000
2015-05-15,2122.73,3092080000
2015-05-18,2129.2,2888190000
2015-05-19,2127.83,3296030000
2015-05-20,2125.85,3025880000
2015-05-21,2130.82,3070460000
2015-05-22,2126.06,2571860000
2015-05-26,2104.2,3342130000
2015-05-27,2123.48,3127960000
2015-05-28,2120.79,2980350000
2015-05-29,2107.39,3927390000
2015-06-01,2111.73,3011710000
2015-06-02,2109.6,3049350000
2015-06-03,2114.07,3099980000
2015-06-04,2095.84,3200050000
2015-06-05,2092.83,3243690000
2015-06-08,2079.28,2917150000
2015-06-09,2080.15,3034580000
2015-06-10,2105.2,3414320000
2015-06-11,2108.86,3128600000
2015-06-12,2094.11,2719400000
2015-06-15,2084.43,3061570000
2015-06-16,2096.29,2919900000
2015-06-17,2100.44,3222240000
2015-06-18,2121.24,3520360000
2015-06-19,2109.99,4449810000
2015-06-22,2122.85,3030020000
2015-06-23,2124.2,3091190000
2015-06-24,2108.58,3102480000
2015-06-25,2102.31,3214610000
2015-06-26,2101.49,5025470000
2015-06-29,2057.64,3678960000
2015-06-30,2063.11,4078540000
2015-07-01,2077.42,3727260000
2015-07-02,2076.78,2996540000
2015-07-06,2068.76,3486360000
2015-07-07,2081.34,4458660000
2015-07-08,2046.68,3608780000
2015-07-09,2051.31,3446810000
2015-07-10,2076.62,3065070000
2015-07-13,2099.6,3096730000
2015-07-14,2108.95,3002120000
2015-07-15,2107.4,3261810000
2015-07-16,2124.29,3227080000
2015-07-17,2126.64,3362750000
2015-07-20,2128.28,3245870000
2015-07-21,2119.21,3343690000
2015-07-22,2114.15,3694070000
2015-07-23,2102.15,3772810000
2015-07-24,2079.65,3870040000
2015-07-27,2067.64,3836750000
2015-07-28,2093.25,4117740000
2015-07-29,2108.57,4038900000
2015-07-30,2108.63,3579410000
2015-07-31,2103.84,3681340000
2015-08-03,2098.04,3476770000
2015-08-04,2093.32,3546710000
2015-08-05,2099.84,3968680000
2015-08-06,2083.56,4246570000
2015-08-07,2077.57,3602320000
2015-08-10,2104.18,3514460000
2015-08-11,2084.07,3708880000
2015-08-12,2086.05,4269130000
2015-08-13,2083.39,3221300000
2015-08-14,2091.54,2795590000
2015-08-17,2102.44,2867690000
2015-08-18,2096.92,2949990000
2015-08-19,2079.61,3512920000
2015-08-20,2035.73,3922470000
2015-08-21,1970.89,5018240000
2015-08-24,1893.21,6612690000
2015-08-25,1867.61,5183560000
2015-08-26,1940.51,5338250000
2015-08-27,1987.66,5006390000
2015-08-28,1988.87,3949080000
2015-08-31,1972.18,3915100000
2015-09-01,1913.85,4371850000
2015-09-02,1948.86,3742620000
2015-09-03,1951.13,3520700000
2015-09-04,1921.22,3167090000
2015-09-08,1969.41,3548650000
2015-09-09,1942.04,3652120000
2015-09-10,1952.29,3626320000
2015-09-11,1961.05,3218590000
2015-09-14,1953.03,3000200000
2015-09-15,1978.09,3239860000
2015-09-16,1995.31,3630680000
2015-09-17,1990.2,4183790000
2015-09-18,1958.03,6021240000
2015-09-21,1966.97,3269350000
2015-09-22,1942.74,3808260000
2015-09-23,1938.76,3190530000
2015-09-24,1932.24,4091530000
2015-09-25,1931.34,3721870000
2015-09-28,1881.77,4326660000
2015-09-29,1884.09,4132390000
2015-09-30,1920.03,4525070000
2015-10-01,1923.82,3983600000
2015-10-02,1951.36,4378570000
2015-10-05,1987.05,4334490000
2015-10-06,1979.92,4202400000
2015-10-07,1995.83,4666470000
2015-10-08,2013.43,3939140000
2015-10-09,2014.89,3706900000
2015-10-12,2017.46,2893250000
2015-10-13,2003.69,3401920000
2015-10-14,1994.24,3644590000
2015-10-15,2023.86,3746290000
2015-10-16,2033.11,3595430000
2015-10-19,2033.66,3287320000
2015-10-20,2030.77,3331500000
2015-10-21,2018.94,3627790000
2015-10-22,2052.51,4430850000
2015-10-23,2075.15,4108460000
2015-10-26,2071.18,3385800000
2015-10-27,2065.89,4216880000
2015-10-28,2090.35,4698110000
2015-10-29,2089.41,4008940000
2015-10-30,2079.36,4256200000
2015-11-02,2104.05,3760020000
2015-11-03,2109.79,4272060000
2015-11-04,2102.31,4078870000
2015-11-05,2099.93,4051890000
2015-11-06,2099.2,4369020000
2015-11-09,2078.58,3882350000
2015-11-10,2081.72,3821440000
2015-11-11,2075.0,3692410000
2015-11-12,2045.97,4016370000
2015-11-13,2023.04,4278750000
2015-11-16,2053.19,3741240000
2015-11-17,2050.44,4427350000
2015-11-18,2083.58,3926390000
2015-11-19,2081.24,3628110000
2015-11-20,2089.17,3929600000
2015-11-23,2086.59,3587980000
2015-11-24,2089.14,3884930000
2015-11-25,2088.87,2852940000
2015-11-27,2090.11,1466840000
2015-11-30,2080.41,4275030000
2015-12-01,2102.63,3712120000
2015-12-02,2079.51,3950640000
2015-12-03,2049.62,4306490000
2015-12-04,2091.69,4214910000
2015-12-07,2077.07,4043820000
2015-12-08,2063.59,4173570000
2015-12-09,2047.62,4385250000
2015-12-10,2052.23,3715150000
2015-12-11,2012.37,4301060000
2015-12-14,2021.94,4612440000
2015-12-15,2043.41,4353540000
2015-12-16,2073.07,4635450000
2015-12-17,2041.89,4327390000
2015-12-18,2005.55,6683070000
2015-12-21,2021.15,3760280000
2015-12-22,2038.97,3520860000
2015-12-23,2064.29,3484090000
2015-12-24,2060.99,1411860000
2015-12-28,2056.5,2492510000
2015-12-29,2078.36,2542000000
2015-12-30,2063.36,2367430000
2015-12-31,2043.94,2655330000
2016-01-04,2012.66,4304880000
2016-01-05,2016.71,3706620000
2016-01-06,1990.26,4336660000
2016-01-07,1943.09,5076590000
2016-01-08,1922.03,4664940000
2016-01-11,1923.67,4607290000
2016-01-12,1938.68,4887260000
2016-01-13,1890.28,5087030000
2016-01-14,1921.84,5241110000
2016-01-15,1880.33,5468460000
2016-01-19,1881.33,4928350000
2016-01-20,1859.33,6416070000
2016-01-21,1868.99,5078810000
2016-01-22,1906.9,4901760000
2016-01-25,1877.08,4401380000
2016-01-26,1903.63,4357940000
2016-01-27,1882.95,4754040000
2016-01-28,1893.36,4693010000
2016-01-29,1940.24,5497570000
2016-02-01,1939.38,4322530000
2016-02-02,1903.03,4463190000
2016-02-03,1912.53,5172950000
2016-02-04,1915.45,5193320000
2016-02-05,1880.05,4929940000
2016-02-08,1853.44,5636460000
2016-02-09,1852.21,5183220000
2016-02-10,1851.86,4471170000
2016-02-11,1829.08,5500800000
2016-02-12,1864.78,4696920000
2016-02-16,1895.58,4570670000
2016-02-17,1926.82,5011540000
2016-02-18,1917.83,4436490000
2016-02-19,1917.78,4142850000
2016-02-22,1945.5,4054710000
2016-02-23,1921.27,3890650000
2016-02-24,1929.8,4317250000
2016-02-25,1951.7,4118210000
2016-02-26,1948.05,4348510000
2016-02-29,1932.23,4588180000
2016-03-01,1978.35,4819750000
2016-03-02,1986.45,4666610000
2016-03-03,1993.4,5081700000
2016-03-04,1999.99,6049930000
2016-03-07,2001.76,4968180000
2016-03-08,1979.26,4641650000
2016-03-09,1989.26,4038120000
2016-03-10,1989.57,4376790000
2016-03-11,2022.19,4078620000
2016-03-14,2019.64,3487850000
2016-03-15,2015.93,3560280000
2016-03-16,2027.22,4057020000
2016-03-17,2040.59,4530480000
2016-03-18,2049.58,6503140000
2016-03-21,2051.6,3376600000
2016-03-22,2049.8,3418460000
2016-03-23,2036.71,3639510000
2016-03-24,2035.94,3407720000
2016-03-28,2037.05,2809090000
2016-03-29,2055.01,3822330000
2016-03-30,2063.95,3590310000
2016-03-31,2059.74,3715280000
2016-04-01,2072.78,3749990000
2016-04-04,2066.13,3485710000
2016-04-05,2045.17,4154920000
2016-04-06,2066.66,3750800000
2016-04-07,2041.91,3801250000
2016-04-08,2047.6,3359530000
2016-04-11,2041.99,3567840000
2016-04-12,2061.72,4239740000
2016-04-13,2082.42,4191830000
2016-04-14,2082.78,3765870000
2016-04-15,2080.73,3701450000
2016-04-18,2094.34,3316880000
2016-04-19,2100.8,3896830000
2016-04-20,2102.4,4184880000
2016-04-21,2091.48,4175290000
2016-04-22,2091.58,3790580000
2016-04-25,2087.79,3319740000
2016-04-26,2091.7,3557190000
2016-04-27,2095.15,4100110000
2016-04-28,2075.81,4309840000
2016-04-29,2065.3,4704720000
2016-05-02,2081.43,3841110000
2016-05-03,2063.37,4173390000
2016-05-04,2051.12,4058560000
2016-05-05,2050.63,4008530000
2016-05-06,2057.14,3796350000
2016-05-09,2058.69,3788620000
2016-05-10,2084.39,3600200000
2016-05-11,2064.46,3821980000
2016-05-12,2064.11,3782390000
2016-05-13,2046.61,3579880000
2016-05-16,2066.66,3501360000
2016-05-17,2047.21,4108960000
2016-05-18,2047.63,4101320000
2016-05-19,2040.04,3846770000
2016-05-20,2052.32,3507650000
2016-05-23,2048.04,3055480000
2016-05-24,2076.06,3627340000
2016-05-25,2090.54,3859160000
2016-05-26,2090.1,3230990000
2016-05-27,2099.06,3079150000
2016-05-31,2096.95,4514410000
2016-06-01,2099.33,3525170000
2016-06-02,2105.26,3632720000
2016-06-03,2099.13,3627780000
2016-06-06,2109.41,3442020000
2016-06-07,2112.13,3534730000
2016-06-08,2119.12,3562060000
2016-06-09,2115.48,3290320000
2016-06-10,2096.07,3515010000
2016-06-13,2079.06,3392030000
2016-06-14,2075.32,3759770000
2016-06-15,2071.5,3544720000
2016-06-16,2077.99,3628280000
2016-06-17,2071.22,4952630000
2016-06-20,2083.25,3467440000
2016-06-21,2088.9,3232880000
2016-06-22,2085.45,3168160000
2016-06-23,2113.32,3297940000
2016-06-24,2037.41,7597450000
2016-06-27,2000.54,5431220000
2016-06-28,2036.09,4385810000
2016-06-29,2070.77,4241740000
2016-06-30,2098.86,4622820000
2016-07-01,2102.95,3458890000
2016-07-05,2088.55,3658380000
2016-07-06,2099.73,3909380000
2016-07-07,2097.9,3604550000
2016-07-08,2129.9,3607500000
2016-07-11,2137.16,3253340000
2016-07-12,2152.14,4097820000
2016-07-13,2152.43,3502320000
2016-07-14,2163.75,3465610000
2016-07-15,2161.74,3122600000
2016-07-18,2166.89,3009310000
2016-07-19,2163.78,2968340000
2016-07-20,2173.02,3211860000
2016-07-21,2165.17,3438900000
2016-07-22,2175.03,3023280000
2016-07-25,2168.48,3057240000
2016-07-26,2169.18,3442350000
2016-07-27,2166.58,3995500000
2016-07-28,2170.06,3664240000
2016-07-29,2173.6,4038840000
2016-08-01,2170.84,3505990000
2016-08-02,2157.03,3848750000
2016-08-03,2163.79,3786530000
2016-08-04,2164.25,3709200000
2016-08-05,2182.87,3663070000
2016-08-08,2180.89,3327550000
2016-08-09,2181.74,3334300000
2016-08-10,2175.49,3254950000
2016-08-11,2185.79,3423160000
2016-08-12,2184.05,3000660000
2016-08-15,2190.15,3078530000
2016-08-16,2178.15,3196400000
2016-08-17,2182.22,3388910000
2016-08-18,2187.02,3300570000
2016-08-19,2183.87,3084800000
2016-08-22,2182.64,2777550000
2016-08-23,2186.9,3041490000
2016-08-24,2175.44,3148280000
2016-08-25,2172.47,2969310000
2016-08-26,2169.04,3342340000
2016-08-29,2180.38,2654780000
2016-08-30,2176.12,3006800000
2016-08-31,2170.95,3766390000
2016-09-01,2170.86,3392120000
2016-09-02,2179.98,3091120000
2016-09-06,2186.48,3447650000
2016-09-07,2186.16,3319420000
2016-09-08,2181.3,3727840000
2016-09-09,2127.81,4233960000
2016-09-12,2159.04,4010480000
2016-09-13,2127.02,4141670000
2016-09-14,2125.77,3664100000
2016-09-15,2147.26,3373720000
2016-09-16,2139.16,5014360000
2016-09-19,2139.12,3141820000
2016-09-20,2139.76,3117380000
2016-09-21,2163.12,3685450000
2016-09-22,2177.18,3523860000
2016-09-23,2164.69,3289860000
2016-09-26,2146.1,3199910000
2016-09-27,2159.93,3414090000
2016-09-28,2171.37,3860390000
2016-09-29,2151.13,4215620000
2016-09-30,2168.27,4158800000
2016-10-03,2161.2,3113850000
2016-10-04,2150.49,3716100000
2016-10-05,2159.73,3883710000
2016-10-06,2160.77,3438040000
2016-10-07,2153.74,3578770000
2016-10-10,2163.66,2881970000
2016-10-11,2136.73,3393060000
2016-10-12,2139.18,2959510000
2016-10-13,2132.55,3538030000
2016-10-14,2132.98,3187910000
2016-10-17,2126.5,2832440000
2016-10-18,2139.6,3172940000
2016-10-19,2144.29,3364990000
2016-10-20,2141.34,3339320000
2016-10-21,2141.16,3456390000
2016-10-24,2151.33,3359950000
2016-10-25,2143.16,3756200000
2016-10-26,2139.43,3778120000
2016-10-27,2133.04,4209400000
2016-10-28,2126.41,4028270000
2016-10-31,2126.15,3926560000
2016-11-01,2111.72,4539190000
2016-11-02,2097.94,4289120000
2016-11-03,2088.66,3892100000
2016-11-04,2085.18,3841910000
2016-11-07,2131.52,3739720000
2016-11-08,2139.56,3921850000
2016-11-09,2163.26,6267590000
2016-11-10,2167.48,6458450000
2016-11-11,2164.45,4993990000
2016-11-14,2164.2,5373670000
2016-11-15,2180.39,4548110000
2016-11-16,2176.94,3847900000
2016-11-17,2187.12,3811730000
2016-11-18,2181.9,3580900000
2016-11-21,2198.18,3611500000
2016-11-22,2202.94,3960520000
2016-11-23,2204.72,3419850000
2016-11-25,2213.35,1584590000
2016-11-28,2201.72,3515100000
2016-11-29,2204.66,3709190000
2016-11-30,2198.81,5538400000
2016-12-01,2191.08,5067470000
2016-12-02,2191.95,3782370000
2016-12-05,2204.71,3898530000
2016-12-06,2212.23,3857290000
2016-12-07,2241.35,4504070000
2016-12-08,2246.19,4203270000
2016-12-09,2259.53,3886460000
2016-12-12,2256.96,4038850000
2016-12-13,2271.72,3875630000
2016-12-14,2253.28,4409670000
2016-12-15,2262.03,4173360000
2016-12-16,2258.07,5928980000
2016-12-19,2262.53,3252840000
2016-12-20,2270.76,3306250000
2016-12-21,2265.18,2854880000
2016-12-22,2260.96,2880670000
2016-12-23,2263.79,2021230000
2016-12-27,2268.88,1989730000
2016-12-28,2249.92,2402750000
2016-12-29,2249.26,2338700000
2016-12-30,2238.83,2671550000
2017-01-03,2257.83,3773010000
2017-01-04,2270.75,3768890000
2017-01-05,2269.0,3785080000
2017-01-06,2276.98,3342080000
2017-01-09,2268.9,3219730000
2017-01-10,2268.9,3640560000
2017-01-11,2275.32,3625080000
2017-01-12,2270.44,3466220000
2017-01-13,2274.64,3090680000
2017-01-17,2267.89,3586950000
2017-01-18,2271.89,3317670000
2017-01-19,2263.69,3168390000
2017-01-20,2271.31,3536850000
2017-01-23,2265.2,3155240000
2017-01-24,2280.07,3816950000
2017-01-25,2298.37,3849340000
2017-01-26,2296.68,3611510000
2017-01-27,2294.69,3137420000
2017-01-30,2280.9,3595040000
2017-01-31,2278.87,4089730000
2017-02-01,2279.55,3919190000
2017-02-02,2280.85,3809760000
2017-02-03,2297.42,3605970000
2017-02-06,2292.56,3112390000
2017-02-07,2293.08,3452460000
2017-02-08,2294.67,3611950000
2017-02-09,2307.87,3681600000
2017-02-10,2316.1,3496600000
2017-02-13,2328.25,3352370000
2017-02-14,2337.58,3528040000
2017-02-15,2349.25,3785870000
2017-02-16,2347.22,3675900000
2017-02-17,2351.16,3516830000
2017-02-21,2365.38,3587520000
2017-02-22,2362.82,3473170000
2017-02-23,2363.81,4021770000
2017-02-24,2367.34,3832410000
2017-02-27,2369.75,3584680000
2017-02-28,2363.64,4212460000
2017-03-01,2395.96,4347630000
2017-03-02,2381.92,3824030000
2017-03-03,2383.12,3556670000
2017-03-06,2375.31,3251800000
2017-03-07,2368.39,3526300000
2017-03-08,2362.98,3814080000
2017-03-09,2364.87,3718450000
2017-03-10,2372.6,3434400000
2017-03-13,2373.47,3166650000
2017-03-14,2365.45,3173760000
2017-03-15,2385.26,3909490000
2017-03-16,2381.38,3368880000
2017-03-17,2378.25,5179820000
2017-03-20,2373.47,3061560000
2017-03-21,2344.02,4278890000
2017-03-22,2348.45,3575160000
2017-03-23,2345.96,3262400000
2017-03-24,2343.98,2978530000
2017-03-27,2341.59,3242300000
2017-03-28,2358.57,3369120000
2017-03-29,2361.13,3107670000
2017-03-30,2368.06,3159680000
2017-03-31,2362.72,3356740000
2017-04-03,2358.84,3418730000
2017-04-04,2360.16,3208340000
2017-04-05,2352.95,3780650000
2017-04-06,2357.49,3203250000
2017-04-07,2355.54,3054700000
2017-04-10,2357.16,2792570000
2017-04-11,2353.78,3120900000
2017-04-12,2344.93,3201300000
2017-04-13,2328.95,3146380000
2017-04-17,2349.01,2826890000
2017-04-18,2342.19,3272210000
2017-04-19,2338.17,3521160000
2017-04-20,2355.84,3648990000
2017-04-21,2348.69,3524160000
2017-04-24,2374.15,3711170000
2017-04-25,2388.61,4005820000
2017-04-26,2387.45,4111350000
2017-04-27,2388.77,4099940000
2017-04-28,2384.2,3721350000
2017-05-01,2388.33,3201500000
2017-05-02,2391.17,3861360000
2017-05-03,2388.13,3896760000
2017-05-04,2389.52,4367860000
2017-05-05,2399.29,3543240000
2017-05-08,2399.38,3429990000
2017-05-09,2396.92,3657840000
2017-05-10,2399.63,3649370000
2017-05-11,2394.44,3727710000
2017-05-12,2390.9,3304620000
2017-05-15,2402.32,3490080000
2017-05-16,2400.67,3421810000
2017-05-17,2357.03,4164760000
2017-05-18,2365.72,4319440000
2017-05-19,2381.73,3831700000
2017-05-22,2394.02,3176580000
2017-05-23,2398.42,3216560000
2017-05-24,2404.39,3389240000
2017-05-25,2415.07,3538210000
2017-05-26,2415.82,2806930000
2017-05-30,2412.91,3205860000
2017-05-31,2411.8,4518040000
2017-06-01,2430.06,3860620000
2017-06-02,2439.07,3465500000
2017-06-05,2436.1,2916720000
2017-06-06,2429.33,3376750000
2017-06-07,2433.14,3576220000
2017-06-08,2433.79,3735980000
2017-06-09,2431.77,4029860000
2017-06-12,2429.39,4031840000
2017-06-13,2440.35,3278240000
2017-06-14,2437.92,3558640000
2017-06-15,2432.46,3371980000
2017-06-16,2433.15,5299380000
2017-06-19,2453.46,3271480000
2017-06-20,2437.03,3422700000
2017-06-21,2435.61,3599190000
2017-06-22,2434.5,3477250000
2017-06-23,2438.3,5282460000
2017-06-26,2439.07,3243660000
2017-06-27,2419.38,3564770000
2017-06-28,2440.69,3479980000
2017-06-29,2419.7,3869560000
2017-06-30,2423.41,3366030000
2017-07-03,2429.01,1901480000
2017-07-05,2432.54,3368150000
2017-07-06,2409.75,3368710000
2017-07-07,2425.18,2929390000
2017-07-10,2427.43,3009880000
2017-07-11,2425.53,3108800000
2017-07-12,2443.25,3176900000
2017-07-13,2447.83,3068510000
2017-07-14,2459.27,2738460000
2017-07-17,2459.14,2800580000
2017-07-18,2460.61,2974090000
2017-07-19,2473.83,3063810000
2017-07-20,2473.45,3223820000
2017-07-21,2472.54,3066880000
2017-07-24,2469.91,3019920000
2017-07-25,2477.13,4116360000
2017-07-26,2477.83,3597830000
2017-07-27,2475.42,4035740000
2017-07-28,2472.1,3302850000
2017-07-31,2470.3,3475930000
2017-08-01,2476.35,3470260000
2017-08-02,2477.57,3487150000
2017-08-03,2472.16,3662410000
2017-08-04,2476.83,3239980000
2017-08-07,2480.91,2935130000
2017-08-08,2474.92,3347480000
2017-08-09,2474.02,3310960000
2017-08-10,2438.21,3635820000
2017-08-11,2441.32,3161830000
2017-08-14,2465.84,2824320000
2017-08-15,2464.61,2922430000
2017-08-16,2468.11,2956570000
2017-08-17,2430.01,3164950000
2017-08-18,2425.55,3426970000
2017-08-21,2428.37,2803650000
2017-08-22,2452.51,2780990000
2017-08-23,2444.04,2796950000
2017-08-24,2438.97,2849680000
2017-08-25,2443.05,2593350000
2017-08-28,2444.24,2682920000
2017-08-29,2446.3,2739460000
2017-08-30,2457.59,2637780000
2017-08-31,2471.65,3353860000
2017-09-01,2476.55,2712780000
2017-09-05,2457.85,3502190000
2017-09-06,2465.54,3400200000
2017-09-07,2465.1,3365780000
2017-09-08,2461.43,3308360000
2017-09-11,2488.11,3293460000
2017-09-12,2496.48,3234280000
2017-09-13,2498.37,3371370000
2017-09-14,2495.62,3422470000
2017-09-15,2500.23,4862970000
2017-09-18,2503.87,3204700000
2017-09-19,2506.65,3253760000
2017-09-20,2508.24,3584570000
2017-09-21,2500.6,2965590000
2017-09-22,2502.22,2877980000
2017-09-25,2496.66,3314530000
2017-09-26,2496.84,3070770000
2017-09-27,2507.04,3485070000
2017-09-28,2510.06,3173030000
2017-09-29,2519.36,3220260000
2017-10-02,2529.12,3226370000
2017-10-03,2534.58,3073480000
2017-10-04,2537.74,3020770000
2017-10-05,2552.07,3059730000
2017-10-06,2549.33,2898270000
2017-10-09,2544.73,2486940000
2017-10-10,2550.64,2962610000
2017-10-11,2555.24,2991320000
2017-10-12,2550.93,3157280000
2017-10-13,2553.17,3150470000
2017-10-16,2557.64,2918030000
2017-10-17,2559.36,2901890000
2017-10-18,2561.26,2999320000
2017-10-19,2562.1,3019520000
2017-10-20,2575.21,3394450000
2017-10-23,2564.98,3214470000
2017-10-24,2569.13,3435660000
2017-10-25,2557.15,3885470000
2017-10-26,2560.4,3891750000
2017-10-27,2581.07,3896100000
2017-10-30,2572.83,3660230000
2017-10-31,2575.26,3844420000
2017-11-01,2579.36,3841200000
2017-11-02,2579.85,4050140000
2017-11-03,2587.84,3568710000
2017-11-06,2591.13,3541970000
2017-11-07,2590.64,3815190000
2017-11-08,2594.38,3898450000
2017-11-09,2584.62,3844100000
2017-11-10,2582.3,3489740000
2017-11-13,2584.84,3405200000
2017-11-14,2578.87,3643580000
2017-11-15,2564.62,3586590000
2017-11-16,2585.64,3329730000
2017-11-17,2578.85,3309800000
2017-11-20,2582.14,3023940000
2017-11-21,2599.03,3351230000
2017-11-22,2597.08,2764110000
2017-11-24,2602.42,1385890000
2017-11-27,2601.42,3017720000
2017-11-28,2627.04,3493340000
2017-11-29,2626.07,4090630000
2017-11-30,2647.58,4965700000
2017-12-01,2642.22,3950930000
2017-12-04,2639.44,4025840000
2017-12-05,2629.57,3547570000
2017-12-06,2629.27,3253080000
2017-12-07,2636.98,3297060000
2017-12-08,2651.5,3126750000
2017-12-11,2659.99,3141480000
2017-12-12,2664.11,3568910000
2017-12-13,2662.85,3568360000
2017-12-14,2652.01,3442760000
2017-12-15,2675.81,5736910000
2017-12-18,2690.16,3727770000
2017-12-19,2681.47,3407680000
2017-12-20,2679.25,3246230000
2017-12-21,2684.57,3293130000
2017-12-22,2683.34,2401030000
2017-12-26,2680.5,1970660000
2017-12-27,2682.62,2202900000
2017-12-28,2687.54,2174890000
2017-12-29,2673.61,2447760000
2018-01-02,2695.81,3397430000
2018-01-03,2713.06,3544030000
2018-01-04,2723.99,3697340000
2018-01-05,2743.15,3239280000
2018-01-08,2747.71,3246160000
2018-01-09,2751.29,3467460000
2018-01-10,2748.23,3579900000
2018-01-11,2767.56,3645690000
2018-01-12,2786.24,3587220000
2018-01-16,2776.42,4362880000
2018-01-17,2802.56,3790340000
2018-01-18,2798.03,3703300000
2018-01-19,2810.3,3724230000
2018-01-22,2832.97,3489480000
2018-01-23,2839.13,3541140000
2018-01-24,2837.54,4079270000
2018-01-25,2839.25,3873100000
2018-01-26,2872.87,3474680000
2018-01-29,2853.53,3587420000
2018-01-30,2822.43,4012070000
2018-01-31,2823.81,4276270000
2018-02-01,2821.98,3977380000
2018-02-02,2762.13,4340220000
2018-02-05,2648.94,5310840000
2018-02-06,2695.14,5917350000
2018-02-07,2681.66,4646300000
2018-02-08,2581.0,5333840000
2018-02-09,2619.55,5690110000
2018-02-12,2656.0,4069220000
2018-02-13,2662.94,3503540000
2018-02-14,2698.63,4011940000
2018-02-15,2731.2,3696140000
2018-02-16,2732.22,3646920000
2018-02-20,2716.26,3646920000
2018-02-21,2701.33,3789040000
2018-02-22,2703.96,3720620000
2018-02-23,2747.3,3200360000
2018-02-26,2779.6,3436590000
2018-02-27,2744.28,3752070000
2018-02-28,2713.83,4244570000
2018-03-01,2677.67,4514490000
2018-03-02,2691.25,3891250000
2018-03-05,2720.94,3733640000
2018-03-06,2728.12,3389030000
2018-03-07,2726.8,3406690000
2018-03-08,2738.97,3206040000
2018-03-09,2786.57,3376870000
2018-03-12,2783.02,3216960000
2018-03-13,2765.31,3324290000
2018-03-14,2749.48,3394630000
2018-03-15,2747.33,3543710000
2018-03-16,2752.01,5429140000
2018-03-19,2712.92,3327460000
2018-03-20,2716.94,3272590000
2018-03-21,2711.93,3434780000
2018-03-22,2643.69,3765460000
2018-03-23,2588.26,3829380000
2018-03-26,2658.55,3538080000
2018-03-27,2612.62,3761320000
2018-03-28,2605.0,3875720000
2018-03-29,2640.87,3572360000
2018-04-02,2581.88,3635780000
2018-04-03,2614.45,3395840000
2018-04-04,2644.69,3369230000
2018-04-05,2662.84,3230430000
2018-04-06,2604.47,3312390000
2018-04-09,2613.16,3076140000
2018-04-10,2656.87,3579130000
2018-04-11,2642.19,3054520000
2018-04-12,2663.99,3045330000
2018-04-13,2656.3,2988540000
2018-04-16,2677.84,3020740000
2018-04-17,2706.39,3286190000
2018-04-18,2708.64,3412030000
2018-04-19,2693.13,3375120000
2018-04-20,2670.14,3428260000
2018-04-23,2670.29,3030390000
2018-04-24,2634.56,3716020000
2018-04-25,2639.4,3563680000
2018-04-26,2666.94,3690920000
2018-04-27,2669.91,3234510000
2018-04-30,2648.05,3749510000
2018-05-01,2654.8,3562820000
2018-05-02,2635.67,4047020000
2018-05-03,2629.73,3867530000
2018-05-04,2663.42,3335260000
2018-05-07,2672.63,3266810000
2018-05-08,2671.92,3745100000
2018-05-09,2697.79,3913650000
2018-05-10,2723.07,3380640000
2018-05-11,2727.72,2874850000
2018-05-14,2730.13,2994360000
2018-05-15,2711.45,3291190000
2018-05-16,2722.46,3248480000
2018-05-17,2720.13,3478150000
2018-05-18,2712.97,3383270000
2018-05-21,2733.01,3053480000
2018-05-22,2724.44,3384140000
2018-05-23,2733.29,3333160000
2018-05-24,2727.76,3285750000
2018-05-25,2721.33,3015260000
2018-05-29,2689.86,3743310000
2018-05-30,2724.01,3566490000
2018-05-31,2705.27,4241100000
2018-06-01,2734.62,3694310000
2018-06-04,2746.87,3410090000
2018-06-05,2748.8,3523550000
2018-06-06,2772.35,3662780000
2018-06-07,2770.37,3742080000
2018-06-08,2779.03,3138850000
2018-06-11,2782.0,3262130000
2018-06-12,2786.85,3435700000
2018-06-13,2775.63,3820770000
2018-06-14,2782.49,3540930000
2018-06-15,2779.66,5451990000
2018-06-18,2773.75,3316120000
2018-06-19,2762.59,3671160000
2018-06-20,2767.32,3332140000
2018-06-21,2749.76,3336580000
2018-06-22,2754.88,5468110000
2018-06-25,2717.07,3663280000
2018-06-26,2723.06,3568900000
2018-06-27,2699.63,3803990000
2018-06-28,2716.31,3461100000
2018-06-29,2718.37,3586800000
2018-07-02,2726.71,3095040000
2018-07-03,2713.22,1911460000
2018-07-05,2736.61,2980160000
2018-07-06,2759.82,2590250000
2018-07-09,2784.17,3070060000
2018-07-10,2793.84,3080140000
2018-07-11,2774.02,2986180000
2018-07-12,2798.29,2834230000
2018-07-13,2801.31,2619790000
2018-07-16,2798.43,2819860000
2018-07-17,2809.55,3064920000
2018-07-18,2815.62,3111560000
2018-07-19,2804.49,3278360000
2018-07-20,2801.83,3243250000
2018-07-23,2806.98,2928490000
2018-07-24,2820.4,3430410000
2018-07-25,2846.07,3584400000
2018-07-26,2837.44,3667290000
2018-07-27,2818.82,3434370000
2018-07-30,2802.6,3261190000
2018-07-31,2816.29,3906890000
2018-08-01,2813.36,3501350000
2018-08-02,2827.22,3501380000
2018-08-03,2840.35,3043690000
2018-08-06,2850.4,2879020000
2018-08-07,2858.45,3185440000
2018-08-08,2857.7,2978070000
2018-08-09,2853.58,3066180000
2018-08-10,2833.28,3265590000
2018-08-13,2821.93,3173630000
2018-08-14,2839.96,2986500000
2018-08-15,2818.37,3656680000
2018-08-16,2840.69,3232000000
2018-08-17,2850.13,3037640000
2018-08-20,2857.05,2757150000
2018-08-21,2862.96,3174010000
2018-08-22,2861.82,2701250000
2018-08-23,2856.98,2724450000
2018-08-24,2874.69,2603010000
2018-08-27,2896.74,2865070000
2018-08-28,2897.52,2687770000
2018-08-29,2914.04,2805520000
2018-08-30,2901.13,2810450000
2018-08-31,2901.52,2887220000
2018-09-04,2896.72,3087420000
2018-09-05,2888.6,3248780000
2018-09-06,2878.05,3144240000
2018-09-07,2871.68,2976580000
2018-09-10,2877.13,2751100000
2018-09-11,2887.89,2904500000
2018-09-12,2888.92,3341280000
2018-09-13,2904.18,3274090000
2018-09-14,2904.98,3179410000
2018-09-17,2888.8,2967980000
2018-09-18,2904.31,3091190000
2018-09-19,2907.95,3302460000
2018-09-20,2930.75,3406520000
2018-09-21,2929.67,5652470000
2018-09-24,2919.37,3392030000
2018-09-25,2915.56,3330880000
2018-09-26,2905.97,3417540000
2018-09-27,2914.0,3101360000
2018-09-28,2913.98,3461680000
2018-10-01,2924.59,3375890000
2018-10-02,2923.43,3432620000
2018-10-03,2925.51,3625510000
2018-10-04,2901.61,3510370000
2018-10-05,2885.57,3340820000
2018-10-08,2884.43,3381820000
2018-10-09,2880.34,3531690000
2018-10-10,2785.68,4554260000
2018-10-11,2728.37,4914090000
2018-10-12,2767.13,4024010000
2018-10-15,2750.79,3327160000
2018-10-16,2809.92,3460260000
2018-10-17,2809.21,3347090000
2018-10-18,2768.78,3639300000
2018-10-19,2767.78,3593940000
2018-10-22,2755.88,3331270000
2018-10-23,2740.69,4373710000
2018-10-24,2656.1,4738670000
2018-10-25,2705.57,4663930000
2018-10-26,2658.69,4804330000
2018-10-29,2641.25,4701260000
2018-10-30,2682.63,5125600000
2018-10-31,2711.74,5133380000
2018-11-01,2740.37,4730250000
2018-11-02,2723.06,4261230000
2018-11-05,2738.31,3650910000
2018-11-06,2755.45,3543800000
2018-11-07,2813.89,3929080000
2018-11-08,2806.83,3673550000
2018-11-09,2781.01,4029030000
2018-11-12,2726.22,3701570000
2018-11-13,2722.18,4112820000
2018-11-14,2701.58,4449060000
2018-11-15,2730.2,4204960000
2018-11-16,2736.27,3996970000
2018-11-19,2690.73,3806940000
2018-11-20,2641.89,4370820000
2018-11-21,2649.93,3237400000
2018-11-23,2632.56,1651680000
2018-11-26,2673.45,3523520000
2018-11-27,2682.17,3494380000
2018-11-28,2743.79,3984540000
2018-11-29,2737.8,3599200000
2018-11-30,2760.17,4668310000
2018-12-03,2790.37,4221580000
2018-12-04,2700.06,4515710000
2018-12-06,2695.95,5180430000
2018-12-07,2633.08,4242240000
2018-12-10,2637.72,4162880000
2018-12-11,2636.78,3963440000
2018-12-12,2651.07,4029300000
2018-12-13,2650.54,3978340000
2018-12-14,2599.95,4064370000
2018-12-17,2545.94,4661420000
2018-12-18,2546.16,4519190000
2018-12-19,2506.96,5152830000
2018-12-20,2467.42,5619780000
2018-12-21,2416.62,7657890000
2018-12-24,2351.1,2613670000
2018-12-26,2467.7,4249740000
2018-12-27,2488.83,4139010000
2018-12-28,2485.74,3728440000
2018-12-31,2506.85,3461920000
2019-01-02,2510.03,3733160000
2019-01-03,2447.89,3858830000
2019-01-04,2531.94,4234140000
2019-01-07,2549.69,4133120000
2019-01-08,2574.41,4120060000
2019-01-09,2584.96,4088740000
2019-01-10,2596.64,3721300000
2019-01-11,2596.26,3447460000
2019-01-14,2582.61,3689370000
2019-01-15,2610.3,3601180000
2019-01-16,2616.1,3882180000
2019-01-17,2635.96,3802410000
2019-01-18,2670.71,4009010000
2019-01-22,2632.9,3923950000
2019-01-23,2638.7,3358770000
2019-01-24,2642.33,3449230000
2019-01-25,2664.76,3821000000
2019-01-28,2643.85,3630820000
2019-01-29,2640.0,3518070000
2019-01-30,2681.05,3883270000
2019-01-31,2704.1,4953800000
2019-02-01,2706.53,3782490000
2019-02-04,2724.87,3369450000
2019-02-05,2737.7,3597620000
2019-02-06,2731.61,3486590000
2019-02-07,2706.05,4114040000
2019-02-08,2707.88,3649510000
2019-02-11,2709.8,3395330000
2019-02-12,2744.73,3843020000
2019-02-13,2753.03,3684910000
2019-02-14,2745.73,3845390000
2019-02-15,2775.6,3648680000
2019-02-19,2779.76,3535270000
2019-02-20,2784.7,3904830000
2019-02-21,2774.88,3598260000
2019-02-22,2792.67,3429350000
2019-02-25,2796.11,3860260000
2019-02-26,2793.9,3676200000
2019-02-27,2792.38,3771790000
2019-02-28,2784.49,4445780000
2019-03-01,2803.69,3994950000
2019-03-04,2792.81,3949730000
2019-03-05,2789.65,3631380000
2019-03-06,2771.45,3800180000
2019-03-07,2748.93,3932150000
2019-03-08,2743.07,3424300000
2019-03-11,2783.3,3764850000
2019-03-12,2791.52,3432340000
2019-03-13,2810.92,3782250000
2019-03-14,2808.48,3505670000
2019-03-15,2822.48,5969780000
2019-03-18,2832.94,3620770000
2019-03-19,2832.57,3650740000
2019-03-20,2824.23,3779160000
2019-03-21,2854.88,3612620000
2019-03-22,2800.71,4253730000
2019-03-25,2798.36,3406110000
2019-03-26,2818.46,3288570000
2019-03-27,2805.37,3422400000
2019-03-28,2815.44,3185460000
2019-03-29,2834.4,3752520000
2019-04-01,2867.19,3560090000
2019-04-02,2867.24,3267210000
2019-04-03,2873.4,3570000000
2019-04-04,2879.39,3038740000
2019-04-05,2892.74,3155970000
2019-04-08,2895.77,3056460000
2019-04-09,2878.2,3032480000
2019-04-10,2888.21,3092230000
2019-04-11,2888.32,2970650000
2019-04-12,2907.41,3726050000
2019-04-15,2905.58,3114530000
2019-04-16,2907.06,3403120000
2019-04-17,2900.45,3648100000
2019-04-18,2905.03,3507100000
2019-04-22,2907.97,3010130000
2019-04-23,2933.68,3674480000
2019-04-24,2927.25,3468480000
2019-04-25,2926.17,3440010000
2019-04-26,2939.88,3264390000
2019-04-29,2943.03,3150390000
2019-04-30,2945.83,3939760000
2019-05-01,2923.73,3669330000
2019-05-02,2917.52,3802290000
2019-05-03,2945.64,3357180000
2019-05-06,2932.47,3203260000
2019-05-07,2884.05,3793060000
2019-05-08,2879.42,3543110000
2019-05-09,2870.72,3659050000
2019-05-10,2881.4,3566780000
2019-05-13,2811.87,3900270000
2019-05-14,2834.41,3354860000
2019-05-15,2850.96,3140900000
2019-05-16,2876.32,3338470000
2019-05-17,2859.53,3316040000
2019-05-20,2840.23,3293750000
2019-05-21,2864.36,3223050000
2019-05-22,2856.27,3194000000
2019-05-23,2822.24,3899320000
2019-05-24,2826.06,2889230000
2019-05-28,2802.39,4146980000
2019-05-29,2783.02,3701110000
2019-05-30,2788.86,3276030000
2019-05-31,2752.06,3982670000
2019-06-03,2744.45,3952360000
2019-06-04,2803.27,3814130000
2019-06-05,2826.15,3570760000
2019-06-06,2843.49,3445140000
2019-06-07,2873.34,3244380000
2019-06-10,2886.73,3209890000
2019-06-11,2885.72,3551000000
2019-06-12,2879.84,3039870000
2019-06-13,2891.64,3100640000
2019-06-14,2886.98,2992810000
2019-06-17,2889.67,2828400000
2019-06-18,2917.75,3441540000
2019-06-19,2926.46,3300220000
2019-06-20,2954.18,3943060000
2019-06-21,2950.46,5003540000
2019-06-24,2945.35,3136960000
2019-06-25,2917.38,3579430000
2019-06-26,2913.78,3511350000
2019-06-27,2924.92,3162500000
2019-06-28,2941.76,5422650000
2019-07-01,2964.33,3524860000
2019-07-02,2973.01,3224490000
2019-07-03,2995.82,1963570000
2019-07-05,2990.41,2434680000
2019-07-08,2975.95,2922360000
2019-07-09,2979.63,3033330000
2019-07-10,2993.07,3157800000
2019-07-11,2999.91,3155710000
2019-07-12,3013.77,2984140000
2019-07-15,3014.3,2876100000
2019-07-16,3004.04,3297030000
2019-07-17,2984.42,3185650000
2019-07-18,2995.11,3369820000
2019-07-19,2976.61,3285890000
2019-07-22,2985.03,3016200000
2019-07-23,3005.47,3333810000
2019-07-24,3019.56,3433220000
2019-07-25,3003.67,3657050000
2019-07-26,3025.86,3260170000
2019-07-29,3020.97,3224490000
2019-07-30,3013.18,3632770000
2019-07-31,2980.38,4626330000
2019-08-01,2953.56,4793810000
2019-08-02,2932.05,3882810000
2019-08-05,2844.74,4542850000
2019-08-06,2881.77,4156640000
2019-08-07,2883.98,4512720000
2019-08-08,2938.09,4118530000
2019-08-09,2918.65,3356850000
2019-08-12,2882.7,3328570000
2019-08-13,2926.32,3857190000
2019-08-14,2840.6,4325150000
2019-08-15,2847.6,4041720000
2019-08-16,2888.68,3524080000
2019-08-19,2923.65,3221050000
2019-08-20,2900.51,3067710000
2019-08-21,2924.43,3016540000
2019-08-22,2922.95,2893660000
2019-08-23,2847.11,3942520000
2019-08-26,2878.38,2859790000
2019-08-27,2869.16,3537490000
2019-08-28,2887.94,3102480000
2019-08-29,2924.58,3177150000
2019-08-30,2926.46,3009910000
2019-09-03,2906.27,3427830000
2019-09-04,2937.78,3167900000
2019-09-05,2976.0,3902600000
2019-09-06,2978.71,3209340000
2019-09-09,2978.43,4031120000
2019-09-10,2979.39,4393040000
2019-09-11,3000.93,3934370000
2019-09-12,3009.57,3796990000
2019-09-13,3007.39,3557010000
2019-09-16,2997.96,4285860000
2019-09-17,3005.7,3673250000
2019-09-18,3006.73,3458800000
2019-09-19,3006.79,3265660000
2019-09-20,2992.07,6103440000
2019-09-23,2991.78,3187250000
2019-09-24,2966.6,3872800000
2019-09-25,2984.87,3331200000
2019-09-26,2977.62,3084910000
2019-09-27,2961.79,3246480000
2019-09-30,2976.74,3249130000
2019-10-01,2940.25,3560750000
2019-10-02,2887.61,3914180000
2019-10-03,2910.63,3515130000
2019-10-04,2952.01,3005600000
2019-10-07,2938.79,2959050000
2019-10-08,2893.06,3370700000
2019-10-09,2919.4,2735350000
2019-10-10,2938.13,3234400000
2019-10-11,2970.27,3581320000
2019-10-14,2966.15,2559270000
2019-10-15,2995.68,3345090000
2019-10-16,2989.69,3230320000
2019-10-17,2997.95,3103470000
2019-10-18,2986.2,3268970000
2019-10-21,3006.72,3271960000
2019-10-22,2995.99,3527540000
2019-10-23,3004.52,3413600000
2019-10-24,3010.29,3696510000
2019-10-25,3022.55,3379060000
2019-10-28,3039.42,3524970000
2019-10-29,3036.89,3594430000
2019-10-30,3046.77,3779660000
2019-10-31,3037.56,4149310000
2019-11-01,3066.91,3956290000
2019-11-04,3078.27,4178040000
2019-11-05,3074.62,4490590000
2019-11-06,3076.78,4465510000
2019-11-07,3085.18,4151990000
2019-11-08,3093.08,3508160000
2019-11-11,3087.01,3041120000
2019-11-12,3091.84,3495560000
2019-11-13,3094.04,3513720000
2019-11-14,3096.63,3282090000
2019-11-15,3120.46,3359800000
2019-11-18,3122.03,3440140000
2019-11-19,3120.18,3613670000
2019-11-20,3108.46,4041010000
2019-11-21,3103.54,3744010000
2019-11-22,3110.29,3235270000
2019-11-25,3133.64,3514310000
2019-11-26,3140.52,4600450000
2019-11-27,3153.63,3035470000
2019-11-29,3140.98,1743420000
2019-12-02,3113.87,3285750000
2019-12-03,3093.2,3671580000
2019-12-04,3112.76,3702980000
2019-12-05,3117.43,3360480000
2019-12-06,3145.91,3483310000
2019-12-09,3135.96,3400470000
2019-12-10,3132.52,3346310000
2019-12-11,3141.63,3257650000
2019-12-12,3168.57,4003200000
2019-12-13,3168.8,3757650000
2019-12-16,3191.45,4070200000
2019-12-17,3192.52,3842940000
2019-12-18,3191.14,4029950000
2019-12-19,3205.37,3784360000
2019-12-20,3221.22,6457480000
2019-12-23,3224.01,3064530000
2019-12-24,3223.38,1296530000
2019-12-26,3239.91,2164540000
2019-12-27,3240.02,2429150000
2019-12-30,3221.29,3021720000
2019-12-31,3230.78,2894760000
2020-01-02,3257.85,3459930000
2020-01-03,3234.85,3484700000
2020-01-06,3246.28,3702460000
2020-01-07,3237.18,3435910000
2020-01-08,3253.05,3726840000
2020-01-09,3274.7,3641230000
2020-01-10,3265.35,3214580000
2020-01-13,3288.13,3459390000
2020-01-14,3283.15,3687620000
2020-01-15,3289.29,3721490000
2020-01-16,3316.81,3540580000
2020-01-17,3329.62,3726220000
2020-01-21,3320.79,4104840000
2020-01-22,3321.75,3623780000
2020-01-23,3325.54,3766710000
2020-01-24,3295.47,3708780000
2020-01-27,3243.63,3831050000
2020-01-28,3276.24,3531570000
2020-01-29,3273.4,3600250000
2020-01-30,3283.66,3790350000
2020-01-31,3225.52,4529700000
2020-02-03,3248.92,3760460000
2020-02-04,3297.59,3996900000
2020-02-05,3334.69,4121480000
2020-02-06,3345.78,3887250000
2020-02-07,3327.71,3733920000
2020-02-10,3352.09,3462730000
2020-02-11,3357.75,3762940000
2020-02-12,3379.45,3930910000
2020-02-13,3373.94,3500890000
2020-02-14,3380.16,3419700000
2020-02-18,3370.29,3750400000
2020-02-19,3386.15,3614200000
2020-02-20,3373.23,4019180000
2020-02-21,3337.75,3908780000
2020-02-24,3225.89,4851160000
2020-02-25,3128.21,5596760000
2020-02-26,3116.39,5484650000
2020-02-27,2978.76,7064710000
2020-02-28,2954.22,8569570000
2020-03-02,3090.23,6381330000
2020-03-03,3003.37,6376510000
2020-03-04,3130.12,5073020000
2020-03-05,3023.94,5579290000
2020-03-06,2972.37,6555240000
2020-03-09,2746.56,8441290000
2020-03-10,2882.23,7642040000
2020-03-11,2741.38,7431200000
2020-03-12,2480.64,8850810000
2020-03-13,2711.02,8299070000
2020-03-16,2386.13,7805450000
2020-03-17,2529.19,8370250000
2020-03-18,2398.1,8799300000
2020-03-19,2409.39,7956100000
2020-03-20,2304.92,9053950000
2020-03-23,2237.4,7411380000
2020-03-24,2447.33,7563150000
2020-03-25,2475.56,8300010000
2020-03-26,2630.07,7766990000
2020-03-27,2541.47,6201670000
2020-03-30,2626.65,5751120000
2020-03-31,2584.59,6576210000
2020-04-01,2470.5,5964000000
2020-04-02,2526.9,6464190000
2020-04-03,2488.65,6096970000
2020-04-06,2663.68,6403840000
2020-04-07,2659.41,7050410000
2020-04-08,2749.98,5875710000
2020-04-09,2789.82,7899550000
2020-04-13,2761.63,5319530000
2020-04-14,2846.06,5615730000
2020-04-15,2783.36,5208000000
2020-04-16,2799.55,5228810000
2020-04-17,2874.56,5804810000
2020-04-20,2823.16,5228630000
2020-04-21,2736.56,5121010000
2020-04-22,2799.31,5084920000
2020-04-23,2797.8,5773530000
2020-04-24,2836.74,5382810000
2020-04-27,2878.48,5203930000
2020-04-28,2863.39,5691160000
2020-04-29,2939.51,6645640000
2020-04-30,2912.43,6544980000
2020-05-01,2830.71,4759810000
2020-05-04,2842.74,4735930000
2020-05-05,2868.44,5140290000
2020-05-06,2848.42,4892570000
2020-05-07,2881.19,5178790000
2020-05-08,2929.8,4876030000
2020-05-11,2930.19,4819730000
2020-05-12,2870.12,5119630000
2020-05-13,2820.0,6151650000
2020-05-14,2852.5,5651130000
2020-05-15,2863.7,5507700000
2020-05-18,2953.91,6373670000
2020-05-19,2922.94,4984330000
2020-05-20,2971.61,5005380000
2020-05-21,2948.51,4976620000
2020-05-22,2955.45,3970860000
2020-05-26,2991.77,5848500000
2020-05-27,3036.13,6398000000
2020-05-28,3029.73,5447020000
2020-05-29,3044.31,7297550000
2020-06-01,3055.73,4684170000
2020-06-02,3080.82,5197150000
2020-06-03,3122.87,6005560000
2020-06-04,3112.35,6451290000
2020-06-05,3193.93,8639300000
2020-06-08,3232.39,8498300000
2020-06-09,3207.18,6410930000
2020-06-10,3190.14,6598870000
2020-06-11,3002.1,7037320000
2020-06-12,3041.31,5845330000
2020-06-15,3066.59,5757480000
2020-06-16,3124.74,5845810000
2020-06-17,3113.49,4560450000
2020-06-18,3115.34,4448690000
2020-06-19,3097.74,8346650000
2020-06-22,3117.86,4686690000
2020-06-23,3131.29,4711850000
2020-06-24,3050.33,5597680000
2020-06-25,3083.76,4847690000
2020-06-26,3009.05,8107850000
2020-06-29,3053.24,4473970000
2020-06-30,3100.29,4705850000
2020-07-01,3115.86,4449230000
2020-07-02,3130.01,4197720000
2020-07-06,3179.72,4759160000
2020-07-07,3145.32,4571330000
2020-07-08,3169.94,4937310000
2020-07-09,3152.05,4843650000
2020-07-10,3185.04,4524190000
2020-07-13,3155.22,4902440000
2020-07-14,3197.52,4507140000
2020-07-15,3226.56,4686830000
2020-07-16,3215.57,3972860000
2020-07-17,3224.73,4012850000
2020-07-20,3251.84,3979340000
2020-07-21,3257.3,4556610000
2020-07-22,3276.02,4267160000
2020-07-23,3235.66,4296760000
2020-07-24,3215.63,3689410000
2020-07-27,3239.41,3970310000
2020-07-28,3218.44,4053180000
2020-07-29,3258.44,4478200000
2020-07-30,3246.22,4264920000
2020-07-31,3271.12,5007530000
2020-08-03,3294.61,4438940000
2020-08-04,3306.51,4414380000
2020-08-05,3327.77,4535060000
2020-08-06,3349.16,4278930000
2020-08-07,3351.28,4110030000
2020-08-10,3360.47,4327920000
2020-08-11,3333.69,4880540000
2020-08-12,3380.35,3772250000
2020-08-13,3373.43,3438730000
2020-08-14,3372.85,3200060000
2020-08-17,3381.99,3460330000
2020-08-18,3389.78,3669550000
2020-08-19,3374.85,3679480000
2020-08-20,3385.51,3431040000
2020-08-21,3397.16,3505010000
2020-08-24,3431.28,3743410000
2020-08-25,3443.62,3627650000
2020-08-26,3478.73,3780530000
2020-08-27,3484.55,3955890000
2020-08-28,3508.01,3868510000
2020-08-31,3500.31,4348280000
2020-09-01,3526.65,4101490000
2020-09-02,3580.84,4295640000
2020-09-03,3455.06,4911830000
2020-09-04,3426.96,4438720000
2020-09-08,3331.84,4694330000
2020-09-09,3398.96,3932520000
2020-09-10,3339.19,4208630000
2020-09-11,3340.97,3710090000
2020-09-14,3383.54,3839580000
2020-09-15,3401.2,4057190000
2020-09-16,3385.49,4718900000
2020-09-17,3357.01,4379840000
2020-09-18,3319.47,7076400000
2020-09-21,3281.06,4836070000
2020-09-22,3315.57,3974510000
2020-09-23,3236.92,4378650000
2020-09-24,3246.59,4601920000
2020-09-25,3298.46,3803330000
2020-09-28,3351.6,3950910000
2020-09-29,3335.47,3661590000
2020-09-30,3363.0,4738640000
2020-10-01,3380.8,4076340000
2020-10-02,3348.42,3975180000
2020-10-05,3408.6,3692720000
2020-10-06,3360.97,4453390000
2020-10-07,3419.44,3814750000
2020-10-08,3446.83,3867640000
2020-10-09,3477.14,3944090000
2020-10-12,3534.22,3435760000
2020-10-13,3511.93,3611100000
2020-10-14,3488.67,3858510000
2020-10-15,3483.34,3724550000
2020-10-16,3483.81,4688030000
2020-10-19,3426.92,4091080000
2020-10-20,3443.12,3917850000
2020-10-21,3435.56,4103960000
2020-10-22,3453.49,4172060000
2020-10-23,3465.39,3651600000
2020-10-26,3400.97,4002210000
2020-10-27,3390.68,3962400000
2020-10-28,3271.03,5139970000
2020-10-29,3310.11,4911860000
2020-10-30,3269.96,4843930000
2020-11-02,3310.24,4314690000
2020-11-03,3369.16,4241380000
2020-11-04,3443.44,4790400000
2020-11-05,3510.45,4858150000
2020-11-06,3509.44,4842460000
2020-11-09,3550.5,8570510000
2020-11-10,3545.53,6037470000
2020-11-11,3572.66,4635560000
2020-11-12,3537.01,4909660000
2020-11-13,3585.15,4719580000
2020-11-16,3626.91,5295510000
2020-11-17,3609.53,4812180000
2020-11-18,3567.79,5284810000
2020-11-19,3581.87,4363370000
2020-11-20,3557.54,4236370000
2020-11-23,3577.59,5057550000
2020-11-24,3635.41,6280290000
2020-11-25,3629.65,4910440000
2020-11-27,3638.35,2778390000
2020-11-30,3621.63,6308410000
2020-12-01,3662.45,5418480000
2020-12-02,3669.01,5041250000
2020-12-03,3666.72,5065340000
2020-12-04,3699.12,5099620000
2020-12-07,3691.96,4804500000
2020-12-08,3702.25,4584390000
2020-12-09,3672.82,5232800000
2020-12-10,3668.1,4658480000
2020-12-11,3663.46,4375470000
2020-12-14,3647.49,4623850000
2020-12-15,3694.62,4387080000
2020-12-16,3701.17,4067040000
2020-12-17,3722.48,4192810000
2020-12-18,3709.41,7097100000
2020-12-21,3694.92,4748580000
2020-12-22,3687.26,4053310000
2020-12-23,3690.01,3779160000
2020-12-24,3703.06,1883780000
2020-12-28,3735.36,3535460000
2020-12-29,3727.04,3393290000
2020-12-30,3732.04,3154850000
2020-12-31,3756.07,3179040000
2021-01-04,3700.65,5015000000
2021-01-05,3726.86,4591020000
2021-01-06,3748.14,6064110000
2021-01-07,3803.79,5099160000
2021-01-08,3824.68,4773040000
2021-01-11,3799.61,4465430000
2021-01-12,3801.19,4994950000
2021-01-13,3809.84,4602510000
2021-01-14,3795.54,5198480000
2021-01-15,3768.25,5369820000
2021-01-19,3798.91,5014440000
2021-01-20,3851.85,4566190000
2021-01-21,3853.07,4501760000
2021-01-22,3841.47,5110890000
2021-01-25,3855.36,7000840000
2021-01-26,3849.62,6137500000
2021-01-27,3750.77,9976520000
2021-01-28,3787.38,6992770000
2021-01-29,3714.24,6643370000
2021-02-01,3773.86,5436230000
2021-02-02,3826.31,5514090000
2021-02-03,3830.17,4864870000
2021-02-04,3871.74,4879240000
2021-02-05,3886.83,4879470000
2021-02-08,3915.59,4648360000
2021-02-09,3911.23,4568320000
2021-02-10,3909.88,4837070000
2021-02-11,3916.38,4590960000
2021-02-12,3934.83,4135060000
2021-02-16,3932.59,5058990000
2021-02-17,3931.33,4730650000
2021-02-18,3913.97,4793650000
2021-02-19,3906.71,4845320000
2021-02-22,3876.5,5917100000
2021-02-23,3881.37,6296610000
2021-02-24,3925.43,6012790000
2021-02-25,3829.34,6547470000
2021-02-26,3811.15,6526070000
2021-03-01,3901.82,5114820000
2021-03-02,3870.29,5536010000
2021-03-03,3819.72,6173660000
2021-03-04,3768.47,7195400000
2021-03-05,3841.94,6851070000
2021-03-08,3821.35,5871710000
2021-03-09,3875.44,5513560000
2021-03-10,3898.81,5847380000
2021-03-11,3939.34,5312880000
2021-03-12,3943.34,4476280000
2021-03-15,3968.94,4900100000
2021-03-16,3962.71,4613080000
2021-03-17,3974.12,4561660000
2021-03-18,3915.46,5118590000
2021-03-19,3913.1,7757420000
2021-03-22,3940.59,4316260000
2021-03-23,3910.52,4669010000
2021-03-24,3889.14,4783020000
2021-03-25,3909.52,4948340000
2021-03-26,3974.54,5483160000
2021-03-29,3971.09,4628180000
2021-03-30,3958.55,4121510000
2021-03-31,3972.89,4578050000
2021-04-01,4019.87,4162130000
2021-04-05,4077.91,4005030000
2021-04-06,4073.94,4081270000
2021-04-07,4079.95,4120810000
2021-04-08,4097.17,3907100000
2021-04-09,4128.8,3640390000
2021-04-12,4127.99,3588900000
2021-04-13,4141.59,3734720000
2021-04-14,4124.66,3985350000
2021-04-15,4170.42,4033420000
2021-04-16,4185.47,4163820000
2021-04-19,4163.26,3810290000
2021-04-20,4134.94,4342650000
2021-04-21,4173.42,3887250000
2021-04-22,4134.98,4245140000
2021-04-23,4180.17,3569880000
2021-04-26,4187.62,3748320000
2021-04-27,4186.72,3710700000
2021-04-28,4183.18,3787360000
2021-04-29,4211.47,4298680000
2021-04-30,4181.17,4300880000
2021-05-03,4192.66,4070220000
2021-05-04,4164.66,4452460000
2021-05-05,4167.59,4230920000
2021-05-06,4201.62,4511000000
2021-05-07,4232.6,4016080000
2021-05-10,4188.43,4560700000
2021-05-11,4152.1,4870710000
2021-05-12,4063.04,4733070000
2021-05-13,4112.5,4779540000
2021-05-14,4173.85,4008880000
2021-05-17,4163.29,4125050000
2021-05-18,4127.83,4398150000
2021-05-19,4115.68,4247450000
2021-05-20,4159.12,3978880000
2021-05-21,4155.86,3995250000
2021-05-24,4197.05,3684800000
2021-05-25,4188.13,4182250000
2021-05-26,4195.99,4420890000
2021-05-27,4200.88,6406310000
2021-05-28,4204.11,4649250000
2021-06-01,4202.04,5074670000
2021-06-02,4208.12,5833670000
2021-06-03,4192.85,5587970000
2021-06-04,4229.89,4139790000
2021-06-07,4226.52,4476920000
2021-06-08,4227.26,4659620000
2021-06-09,4219.55,4713260000
2021-06-10,4239.18,4408210000
2021-06-11,4247.44,3815010000
2021-06-14,4255.15,4151200000
2021-06-15,4246.59,4048940000
2021-06-16,4223.7,4538350000
2021-06-17,4221.86,5312680000
2021-06-18,4166.45,6817010000
2021-06-21,4224.79,4128950000
2021-06-22,4246.44,3828390000
2021-06-23,4241.84,3730350000
2021-06-24,4266.49,3816660000
2021-06-25,4280.7,7341450000
2021-06-28,4290.61,4147890000
2021-06-29,4291.8,3707150000
2021-06-30,4297.5,4266040000
2021-07-01,4319.94,3788230000
2021-07-02,4352.34,3225840000
2021-07-06,4343.54,4309570000
2021-07-07,4358.13,4037380000
2021-07-08,4320.82,4347500000
2021-07-09,4369.55,3531120000
2021-07-12,4384.63,3384460000
2021-07-13,4369.21,3695430000
2021-07-14,4374.3,4006370000
2021-07-15,4360.03,3905230000
2021-07-16,4327.16,3985700000
2021-07-19,4258.49,5157660000
2021-07-20,4323.06,4438270000
2021-07-21,4358.69,3810280000
2021-07-22,4367.48,3358300000
2021-07-23,4411.79,4540070000
2021-07-26,4422.3,4275630000
2021-07-27,4401.46,4241950000
2021-07-28,4400.64,4215290000
2021-07-29,4419.15,4044600000
2021-07-30,4395.26,3956740000
2021-08-02,4387.16,3724090000
2021-08-03,4423.15,3965190000
2021-08-04,4402.66,4260760000
2021-08-05,4429.1,3769410000
2021-08-06,4436.52,3451870000
2021-08-09,4432.35,3449280000
2021-08-10,4436.75,3886610000
2021-08-11,4442.41,3532560000
2021-08-12,4460.83,3375310000
2021-08-13,4468.0,3016470000
2021-08-16,4479.71,3370640000
2021-08-17,4448.08,3836960000
2021-08-18,4400.27,3755590000
2021-08-19,4405.8,4398410000
2021-08-20,4441.67,3652610000
2021-08-23,4479.53,3576530000
2021-08-24,4486.23,3979220000
2021-08-25,4496.19,3444700000
2021-08-26,4470.0,3263980000
2021-08-27,4509.37,3331200000
2021-08-30,4528.79,3168660000
2021-08-31,4522.68,4290710000
2021-09-01,4524.09,4057340000
2021-09-02,4536.95,3735990000
2021-09-03,4535.43,3217530000
2021-09-07,4520.03,3822960000
2021-09-08,4514.07,3750880000
2021-09-09,4493.28,3735390000
2021-09-10,4458.58,3623180000
2021-09-13,4468.73,3914220000
2021-09-14,4443.05,3670460000
2021-09-15,4480.7,4032020000
2021-09-16,4473.75,3984560000
2021-09-17,4432.99,7289530000
2021-09-20,4357.73,4898070000
2021-09-21,4354.19,3920920000
2021-09-22,4395.64,3939170000
2021-09-23,4448.98,3916350000
2021-09-24,4455.48,3384290000
2021-09-27,4443.11,4058650000
2021-09-28,4352.63,4416550000
2021-09-29,4359.46,3712660000
2021-09-30,4307.54,4448140000
2021-10-01,4357.04,4010370000
2021-10-04,4300.46,4307870000
2021-10-05,4345.72,3902890000
2021-10-06,4363.55,4009630000
2021-10-07,4399.76,3843740000
2021-10-08,4391.34,3280160000
2021-10-11,4361.19,3281970000
2021-10-12,4350.65,3558450000
2021-10-13,4363.8,3620070000
2021-10-14,4438.26,3598280000
2021-10-15,4471.37,3819380000
2021-10-18,4486.46,3662010000
2021-10-19,4519.63,3459130000
2021-10-20,4536.19,3670760000
2021-10-21,4549.78,3822330000
2021-10-22,4544.9,3758220000
2021-10-25,4566.48,3899400000
2021-10-26,4574.79,3879740000
2021-10-27,4551.68,4226050000
2021-10-28,4596.42,4132950000
2021-10-29,4605.38,4510200000
2021-11-01,4613.67,3971540000
2021-11-02,4630.65,3975250000
2021-11-03,4660.57,4319660000
2021-11-04,4680.06,4462300000
2021-11-05,4697.53,4467180000
2021-11-08,4701.7,4269710000
2021-11-09,4685.25,4117080000
2021-11-10,4646.71,4503720000
2021-11-11,4649.27,3926870000
2021-11-12,4682.85,3728600000
2021-11-15,4682.8,3488410000
2021-11-16,4700.9,3972640000
2021-11-17,4688.67,3969070000
2021-11-18,4704.54,4226410000
2021-11-19,4697.96,4253180000
2021-11-22,4682.94,4441100000
2021-11-23,4690.7,4277590000
2021-11-24,4701.46,3418430000
2021-11-26,4594.62,3517700000
2021-11-29,4655.27,4336410000
2021-11-30,4567.0,6625990000
2021-12-01,4513.04,5366730000
2021-12-02,4577.1,5077180000
2021-12-03,4538.43,5240070000
2021-12-06,4591.67,4770800000
2021-12-07,4686.75,4492400000
2021-12-08,4701.21,4234600000
2021-12-09,4667.45,3903840000
2021-12-10,4712.02,3870110000
2021-12-13,4668.97,4397230000
2021-12-14,4634.09,4485430000
2021-12-15,4709.85,4910130000
2021-12-16,4668.67,4829500000
2021-12-17,4620.64,7987090000
2021-12-20,4568.02,4635700000
2021-12-21,4649.23,4072430000
2021-12-22,4696.56,3319610000
2021-12-23,4725.79,2913040000
2021-12-27,4791.19,2770290000
2021-12-28,4786.35,2707920000
2021-12-29,4793.06,2963310000
2021-12-30,4778.73,3124950000
2021-12-31,4766.18,2677820000
2022-01-03,4796.56,3831020000
2022-01-04,4793.54,4683170000
2022-01-05,4700.58,4887960000
2022-01-06,4696.05,4295280000
2022-01-07,4677.03,4181510000
2022-01-10,4670.29,4511810000
2022-01-11,4713.07,4101590000
2022-01-12,4726.35,4048220000
2022-01-13,4659.03,4251730000
2022-01-14,4662.85,4338490000
2022-01-18,4577.11,4748700000
2022-01-19,4532.76,4465740000
2022-01-20,4482.73,4640870000
2022-01-21,4397.94,5589100000
2022-01-24,4410.13,6928110000
2022-01-25,4356.45,5145050000
2022-01-26,4349.93,5570640000
2022-01-27,4326.51,5214200000
2022-01-28,4431.85,5031090000
2022-01-31,4515.55,5098610000
2022-02-01,4546.54,4816830000
2022-02-02,4589.38,4481580000
2022-02-03,4477.44,4401970000
2022-02-04,4500.53,4706290000
2022-02-07,4483.87,4228480000
2022-02-08,4521.54,4459620000
2022-02-09,4587.18,4524350000
2022-02-10,4504.08,5314860000
2022-02-11,4418.64,5251500000
2022-02-14,4401.67,4600390000
2022-02-15,4471.07,4430830000
2022-02-16,4475.01,4283640000
2022-02-17,4380.26,4539420000
2022-02-18,4348.87,4708060000
2022-02-22,4304.76,5121900000
2022-02-23,4225.5,4797430000
2022-02-24,4288.7,6752130000
2022-02-25,4384.65,5177060000
2022-02-28,4373.94,6071370000
2022-03-01,4306.26,5846230000
2022-03-02,4386.54,5337870000
2022-03-03,4363.49,5039890000
2022-03-04,4328.87,5797380000
2022-03-07,4201.09,6940470000
2022-03-08,4170.7,7243120000
2022-03-09,4277.88,5662670000
2022-03-10,4259.52,4980830000
2022-03-11,4204.31,4938640000
2022-03-14,4173.11,5574920000
2022-03-15,4262.45,5392470000
2022-03-16,4357.86,6309750000
2022-03-17,4411.67,4985090000
2022-03-18,4463.12,8278430000
2022-03-21,4461.18,4869820000
2022-03-22,4511.61,4754840000
2022-03-23,4456.24,4550670000
2022-03-24,4520.16,4131390000
2022-03-25,4543.06,4305020000
2022-03-28,4575.52,4312260000
2022-03-29,4631.6,5085910000
2022-03-30,4602.45,4385570000
2022-03-31,4530.41,4823020000
2022-04-01,4545.86,4562940000
2022-04-04,4582.64,4547350000
2022-04-05,4525.12,4800620000
2022-04-06,4481.15,4986830000
2022-04-07,4500.21,4821490000
2022-04-08,4488.28,4083200000
2022-04-11,4412.53,4266290000
2022-04-12,4397.45,4152090000
2022-04-13,4446.59,3828150000
2022-04-14,4392.59,4083090000
2022-04-18,4391.69,3910490000
2022-04-19,4462.21,4108120000
2022-04-20,4459.45,4290450000
2022-04-21,4393.66,4636890000
2022-04-22,4271.78,4651940000
2022-04-25,4296.12,5240040000
2022-04-26,4175.2,4689970000
2022-04-27,4183.96,4769680000
2022-04-28,4287.5,4854180000
2022-04-29,4131.93,5084030000
2022-05-02,4155.38,5163790000
2022-05-03,4175.48,4582050000
2022-05-04,4300.17,5136360000
2022-05-05,4146.87,5077030000
2022-05-06,4123.34,5116940000
2022-05-09,3991.24,5954520000
2022-05-10,4001.05,5885820000
2022-05-11,3935.18,5816140000
2022-05-12,3930.08,6286450000
2022-05-13,4023.89,5183340000
2022-05-16,4008.01,4415030000
2022-05-17,4088.85,4841410000
2022-05-18,3923.68,5103220000
2022-05-19,3900.79,5113550000
2022-05-20,3901.36,5130730000
2022-05-23,3973.75,4420030000
2022-05-24,3941.48,4923190000
2022-05-25,3978.73,4802560000
2022-05-26,4057.84,4709970000
2022-05-27,4158.24,4375620000
2022-05-31,4132.15,6822640000
2022-06-01,4101.23,4531800000
2022-06-02,4176.82,4405790000
2022-06-03,4108.54,3711110000
2022-06-06,4121.43,4332700000
2022-06-07,4160.68,4248210000
2022-06-08,4115.77,4159470000
2022-06-09,4017.82,4134170000
2022-06-10,3900.86,4889640000
2022-06-13,3749.63,5636890000
2022-06-14,3735.48,5153890000
2022-06-15,3789.99,5530480000
2022-06-16,3666.77,5644930000
2022-06-17,3674.84,8520740000
2022-06-21,3764.79,5292260000
2022-06-22,3759.89,5058990000
2022-06-23,3795.73,5098640000
2022-06-24,3911.74,8120260000
2022-06-27,3900.11,4325310000
2022-06-28,3821.55,4270120000
2022-06-29,3818.83,4211240000
2022-06-30,3785.38,4840070000
2022-07-01,3825.33,4046950000
2022-07-05,3831.39,5076590000
2022-07-06,3845.08,4417720000
2022-07-07,3902.62,4057770000
2022-07-08,3899.38,3521620000
2022-07-11,3854.43,3423480000
2022-07-12,3818.8,3817210000
2022-07-13,3801.78,4109390000
2022-07-14,3790.38,4199690000
2022-07-15,3863.16,4143800000
2022-07-18,3830.85,4046870000
2022-07-19,3936.69,4041070000
2022-07-20,3959.9,4185300000
2022-07-21,3998.95,4132790000
2022-07-22,3961.63,3979240000
2022-07-25,3966.84,3568340000
2022-07-26,3921.05,3778950000
2022-07-27,4023.61,4112180000
2022-07-28,4072.43,4413000000
2022-07-29,4130.29,4616360000
2022-08-01,4118.63,4202810000
2022-08-02,4091.19,4727710000
2022-08-03,4155.17,4351760000
2022-08-04,4151.94,4283320000
2022-08-05,4145.19,4085940000
2022-08-08,4140.06,4221090000
2022-08-09,4122.47,3913090000
2022-08-10,4210.24,4546010000
2022-08-11,4207.27,4630200000
2022-08-12,4280.15,3788010000
2022-08-15,4297.14,3696830000
2022-08-16,4305.2,4329820000
2022-08-17,4274.04,3885030000
2022-08-18,4283.74,3340330000
2022-08-19,4228.48,3761340000
2022-08-22,4137.99,3907430000
2022-08-23,4128.73,3823520000
2022-08-24,4140.77,3583630000
2022-08-25,4199.12,3566870000
2022-08-26,4057.66,3832750000
2022-08-29,4030.61,3396510000
2022-08-30,3986.16,3835860000
2022-08-31,3955.0,4542490000
2022-09-01,3966.85,4152250000
2022-09-02,3924.26,3665850000
2022-09-06,3908.19,4127340000
2022-09-07,3979.87,3890320000
2022-09-08,4006.18,3966850000
2022-09-09,4067.36,3901940000
2022-09-12,4110.41,3814200000
2022-09-13,3932.69,4224550000
2022-09-14,3946.01,4293240000
2022-09-15,3901.35,4441830000
2022-09-16,3873.33,7954650000
2022-09-19,3899.89,3766850000
2022-09-20,3855.93,4058050000
2022-09-21,3789.93,4078330000
2022-09-22,3757.99,4284600000
2022-09-23,3693.23,5144270000
2022-09-26,3655.04,4886140000
2022-09-27,3647.29,4577740000
2022-09-28,3719.04,4684850000
2022-09-29,3640.47,4681810000
2022-09-30,3585.62,5645360000
2022-10-03,3678.43,4806680000
2022-10-04,3790.93,5146580000
2022-10-05,3783.28,4293180000
2022-10-06,3744.52,4252100000
2022-10-07,3639.66,4449660000
2022-10-10,3612.39,3834320000
2022-10-11,3588.84,4759030000
2022-10-12,3577.03,4006830000
2022-10-13,3669.91,5021680000
2022-10-14,3583.07,4243030000
2022-10-17,3677.95,4352780000
2022-10-18,3719.98,4483740000
2022-10-19,3695.16,4223800000
2022-10-20,3665.78,4496620000
2022-10-21,3752.75,5078020000
2022-10-24,3797.34,4747930000
2022-10-25,3859.11,4843120000
2022-10-26,3830.6,4817310000
2022-10-27,3807.3,4687320000
2022-10-28,3901.06,4459410000
2022-10-31,3871.98,4820620000
2022-11-01,3856.1,4481210000
2022-11-02,3759.69,4899000000
2022-11-03,3719.89,4625290000
2022-11-04,3770.55,5400180000
2022-11-07,3806.8,4341620000
2022-11-08,3828.11,4607640000
2022-11-09,3748.57,4645010000
2022-11-10,3956.37,5781260000
2022-11-11,3992.93,5593310000
2022-11-14,3957.25,4561930000
2022-11-15,3991.73,5015310000
2022-11-16,3958.79,4165320000
2022-11-17,3946.56,4051780000
2022-11-18,3965.34,4037360000
2022-11-21,3949.94,3850690000
2022-11-22,4003.58,3887990000
2022-11-23,4027.26,3279720000
2022-11-25,4026.12,1706460000
2022-11-28,3963.94,3615430000
2022-11-29,3957.63,3546040000
2022-11-30,4080.11,6579360000
2022-12-01,4076.57,4527130000
2022-12-02,4071.7,4012620000
2022-12-05,3998.84,4280820000
2022-12-06,3941.26,4368380000
2022-12-07,3933.92,4118050000
2022-12-08,3963.51,4006900000
2022-12-09,3934.38,3888260000
2022-12-12,3990.56,3904130000
2022-12-13,4019.65,5079360000
2022-12-14,3995.32,4472340000
2022-12-15,3895.75,4493900000
2022-12-16,3852.36,7493660000
2022-12-19,3817.66,3969610000
2022-12-20,3821.62,3985370000
2022-12-21,3878.44,3775200000
2022-12-22,3822.39,3956950000
2022-12-23,3844.82,2819280000
2022-12-27,3829.25,3030300000
2022-12-28,3783.22,3083520000
2022-12-29,3849.28,3003680000
2022-12-30,3839.5,2979870000
2023-01-03,3824.14,3959140000
2023-01-04,3852.97,4414080000
2023-01-05,3808.1,3893450000
2023-01-06,3895.08,3923560000
2023-01-09,3892.09,4311770000
2023-01-10,3919.25,3851030000
2023-01-11,3969.61,4303360000
2023-01-12,3983.17,4440260000
2023-01-13,3999.09,3939700000
2023-01-17,3990.97,4235560000
2023-01-18,3928.86,4298710000
2023-01-19,3898.85,3991500000
2023-01-20,3972.61,4013360000
2023-01-23,4019.81,3945210000
2023-01-24,4016.95,3320430000
2023-01-25,4016.22,3724020000
2023-01-26,4060.43,3809590000
2023-01-27,4070.56,3907760000
2023-01-30,4017.77,3802000000
2023-01-31,4076.6,4679320000
2023-02-01,4119.21,4856930000
2023-02-02,4179.76,5624360000
2023-02-03,4136.48,4694510000
2023-02-06,4111.08,4114240000
2023-02-07,4164.0,4355860000
2023-02-08,4117.86,4029820000
2023-02-09,4081.5,4270200000
2023-02-10,4090.46,3891520000
2023-02-13,4137.29,3448620000
2023-02-14,4136.13,3929200000
2023-02-15,4147.6,4075980000
2023-02-16,4090.41,4143660000
2023-02-17,4079.09,4045480000
2023-02-21,3997.34,4121590000
2023-02-22,3991.05,4079320000
2023-02-23,4012.32,3952940000
2023-02-24,3970.04,3877700000
2023-02-27,3982.24,3836950000
2023-02-28,3970.15,5043400000
2023-03-01,3951.39,4249480000
2023-03-02,3981.35,4244900000
2023-03-03,4045.64,4084730000
2023-03-06,4048.42,4000870000
2023-03-07,3986.37,3922500000
2023-03-08,3992.01,3535570000
2023-03-09,3918.32,4445260000
2023-03-10,3861.59,5518190000
2023-03-13,3855.76,6558020000
2023-03-14,3919.29,5665870000
2023-03-15,3891.93,6594010000
2023-03-16,3960.28,5695790000
2023-03-17,3916.64,9354280000
2023-03-20,3951.57,5347140000
2023-03-21,4002.87,4920240000
2023-03-22,3936.97,4533010000
2023-03-23,3948.72,4991600000
2023-03-24,3970.99,4583970000
2023-03-27,3977.53,4233540000
2023-03-28,3971.27,4014600000
2023-03-29,4027.81,4145250000
2023-03-30,4050.83,3930860000
2023-03-31,4109.31,4525120000
2023-04-03,4124.51,4234700000
2023-04-04,4100.6,4227800000
2023-04-05,4090.38,3968020000
2023-04-06,4105.02,3486690000
2023-04-10,4109.11,3423650000
2023-04-11,4108.94,3665830000
2023-04-12,4091.95,3633120000
2023-04-13,4146.22,3596590000
2023-04-14,4137.64,3575690000
2023-04-17,4151.32,3611180000
2023-04-18,4154.87,3536640000
2023-04-19,4154.52,3572560000
2023-04-20,4129.79,3772080000
2023-04-21,4133.52,3611750000
2023-04-24,4137.04,3290940000
2023-04-25,4071.63,3978640000
2023-04-26,4055.99,3837030000
2023-04-27,4135.35,3750550000
2023-04-28,4169.48,4087800000
2023-05-01,4167.87,3321370000
2023-05-02,4119.58,4486130000
2023-05-03,4090.75,4246510000
2023-05-04,4061.22,4920090000
2023-05-05,4136.25,4186270000
2023-05-08,4138.12,3641640000
2023-05-09,4119.17,3810140000
2023-05-10,4137.64,4057160000
2023-05-11,4130.62,3752900000
2023-05-12,4124.08,3533740000
2023-05-15,4136.28,3562170000
2023-05-16,4109.9,3654200000
2023-05-17,4158.77,4039080000
2023-05-18,4198.05,3980500000
2023-05-19,4191.98,4041900000
2023-05-22,4192.63,3728520000
2023-05-23,4145.58,4155320000
2023-05-24,4115.24,3739160000
2023-05-25,4151.28,4147760000
2023-05-26,4205.45,3715460000
2023-05-30,4205.52,4228510000
2023-05-31,4179.83,5980670000
2023-06-01,4221.02,4391860000
2023-06-02,4282.37,4454200000
2023-06-05,4273.79,3813290000
2023-06-06,4283.85,3996560000
2023-06-07,4267.52,4537800000
2023-06-08,4293.93,3826740000
2023-06-09,4298.86,3786510000
2023-06-12,4338.93,3945670000
2023-06-13,4369.01,4275400000
2023-06-14,4372.59,4252110000
2023-06-15,4425.84,4176690000
2023-06-16,4409.59,6848600000
2023-06-20,4388.71,4055790000
2023-06-21,4365.69,3709330000
2023-06-22,4381.89,3511000000
2023-06-23,4348.33,6053620000
2023-06-26,4328.82,3415030000
2023-06-27,4378.41,3573500000
2023-06-28,4376.86,3739330000
2023-06-29,4396.44,3696660000
2023-06-30,4450.38,3923450000
2023-07-03,4455.59,2034280000
2023-07-05,4446.82,3482620000
2023-07-06,4411.59,3682020000
2023-07-07,4398.95,3630480000
2023-07-10,4409.53,3429600000
2023-07-11,4439.26,3624220000
2023-07-12,4472.16,3920290000
2023-07-13,4510.04,3839530000
2023-07-14,4505.42,3647450000
2023-07-17,4522.79,3538240000
2023-07-18,4554.98,4090010000
2023-07-19,4565.72,4115670000
2023-07-20,4534.87,3761770000
2023-07-21,4536.34,3570190000
2023-07-24,4554.64,3856250000
2023-07-25,4567.46,3812470000
2023-07-26,4566.75,3990290000
2023-07-27,4537.41,4553210000
2023-07-28,4582.23,3981010000
2023-07-31,4588.96,4503600000
2023-08-01,4576.73,4042370000
2023-08-02,4513.39,4270710000
2023-08-03,4501.89,4149120000
2023-08-04,4478.03,4143310000
2023-08-07,4518.44,3493920000
2023-08-08,4499.38,3884910000
2023-08-09,4467.71,3803100000
2023-08-10,4468.83,4504370000
2023-08-11,4464.05,3753290000
2023-08-14,4489.72,3896410000
2023-08-15,4437.86,3832250000
2023-08-16,4404.33,3753910000
2023-08-17,4370.36,3943700000
2023-08-18,4369.71,3940400000
2023-08-21,4399.77,3726850000
2023-08-22,4387.55,3522760000
2023-08-23,4436.01,3837270000
2023-08-24,4376.31,3723470000
2023-08-25,4405.71,3296180000
2023-08-28,4433.31,2957230000
2023-08-29,4497.63,3354820000
2023-08-30,4514.87,3064110000
2023-08-31,4507.66,3946360000
2023-09-01,4515.77,3246260000
2023-09-05,4496.83,3526250000
2023-09-06,4465.48,3418850000
2023-09-07,4451.14,3763760000
2023-09-08,4457.49,3259290000
2023-09-11,4487.46,3369920000
2023-09-12,4461.9,3435740000
2023-09-13,4467.44,3529430000
2023-09-14,4505.1,3648720000
2023-09-15,4450.32,6932230000
2023-09-18,4453.53,3161230000
2023-09-19,4443.95,3614880000
2023-09-20,4402.2,3308450000
2023-09-21,4330.0,3662340000
2023-09-22,4320.06,3349570000
2023-09-25,4337.44,3195650000
2023-09-26,4273.53,3472340000
2023-09-27,4274.51,3875880000
2023-09-28,4299.7,3846230000
2023-09-29,4288.05,3865960000
2023-10-02,4288.39,3938660000
2023-10-03,4229.45,3953830000
2023-10-04,4263.75,3777600000
2023-10-05,4258.19,3581470000
2023-10-06,4308.5,3902030000
2023-10-09,4335.66016,3174630000
2023-10-10,4358.24023,3520240000
2023-10-11,4376.9502,3601660000
2023-10-12,4349.60986,3713140000
2023-10-13,4327.77979,1961569253
2023-10-16,4373.62988,3409960000
2023-10-17,4373.2002,3794850000
2023-10-18,4314.6001,3686030000
2023-10-19,4278.0,3969730000
2023-10-20,4224.16016,4004030000
2023-10-23,4217.04004,3776100000
2023-10-24,4247.68018,3821820000
2023-10-25,4186.77002,3869370000
2023-10-26,4137.22998,4277640000
2023-10-27,4117.37012,4019500000
2023-10-30,4166.81982,3911140000
2023-10-31,4193.7998,4249470000
2023-11-01,4237.85986,4224900000
2023-11-02,4317.77979,4669780000
2023-11-03,4358.33984,4570960000
2023-11-06,4365.97998,3656340000
2023-11-07,4378.37988,3791230000
2023-11-08,4382.77979,3729510000
2023-11-09,4347.3501,3900780000
2023-11-10,4415.24023,3665080000
2023-11-13,4411.5498,3326240000
2023-11-14,4495.7002,4700350000
2023-11-15,4502.87988,4347170000
2023-11-16,4508.24023,3964520000
2023-11-17,4514.02002,3777240000
2023-11-20,4547.37988,3644790000
2023-11-21,4538.18994,3511080000
2023-11-22,4556.62012,3042810000
2023-11-24,4559.33984,1639500000
2023-11-27,4550.43018,3403990000
2023-11-28,4554.89014,3586240000
2023-11-29,4550.58008,4418760000
2023-11-30,4567.7998,5399300000
2023-12-01,4594.62988,4397120000
2023-12-04,4569.77,2361000000
2023-12-05,4567.17,2277000000
2023-12-06,4549.35,2323000000
2023-12-07,4585.58,2369000000
2023-12-08,4604.36,2197000000
2023-12-11,4622.43,2379000000
2023-12-12,4643.69,2287000000
2023-12-13,4707.08,2856000000
2023-12-14,4719.54,3777000000
2023-12-15,4719.18,4785000000
2023-12-18,4740.57,2374000000
2023-12-19,4768.36,2307000000
2023-12-20,4698.34,2423000000
2023-12-21,4746.76,2119000000
2023-12-22,4754.64,1703000000
2023-12-26,4774.74,1399000000
2023-12-27,4781.59,1578000000
2023-12-28,4783.36,1456000000
2023-12-29,4769.82,1657000000
2024-01-02,4742.82,2342000000
2024-01-03,4704.82,2370000000
2024-01-04,4688.69,2280000000
2024-01-05,4697.23,2155000000
2024-01-08,4763.55,2254000000
2024-01-09,4756.51,2183000000
2024-01-10,4783.46,2133000000
2024-01-11,4780.23,2281000000
2024-01-12,4783.84,2199000000
2024-01-16,4765.99,2528000000
2024-01-17,4739.22,2270000000
2024-01-18,4780.95,2510000000
2024-01-19,4839.82,2706000000
2024-01-22,4850.44,2523000000
2024-01-23,4864.61,2349000000
2024-01-24,4868.54,2588000000
2024-01-25,4894.17,2846000000
2024-01-26,4890.96,2312000000
2024-01-29,4927.94,2258000000
2024-01-30,4924.96,2479000000
2024-01-31,4845.66,3174000000
2024-02-01,4906.18,2716000000
2024-02-02,4958.62,2741000000
2024-02-05,4942.82,2516000000
2024-02-06,4954.24,2409000000
2024-02-07,4995.05,2520000000
2024-02-08,4997.92,2396000000
2024-02-09,5026.62,2271000000
2024-02-12,5021.83,2177000000
2024-02-13,4953.16,2509000000
2024-02-14,5000.63,2249000000
2024-02-15,5029.72,2370000000
2024-02-16,5005.56,2243000000
2024-02-20,4975.52,2338000000
2024-02-21,4981.81,2183000000
2024-02-22,5087.02,2517000000
2024-02-23,5088.79,2199000000
2024-02-26,5069.54,2159000000
2024-02-27,5078.17,2104000000
2024-02-28,5069.77,2030000000
2024-02-29,5096.28,3029000000
2024-03-01,5137.07,2407000000
2024-03-04,5130.94,2737000000
2024-03-05,5078.64,2575000000
2024-03-06,5104.77,2496000000
2024-03-07,5157.35,2309000000
2024-03-08,5123.68,2350000000
2024-03-11,5117.93,2166000000
2024-03-12,5175.28,2252000000
2024-03-13,5165.3,2354000000
2024-03-14,5150.47,2574000000
2024-03-15,5117.1,4675000000
2024-03-18,5149.43,2277000000
2024-03-19,5178.52,2119000000
2024-03-20,5224.63,2225000000
2024-03-21,5241.54,2440000000
2024-03-22,5234.17,1941000000
2024-03-25,5218.18,1997000000
2024-03-26,5203.57,2198000000
2024-03-27,5248.48,2233000000
2024-03-28,5254.34,2268000000
2024-04-01,5243.78,1930000000
2024-04-02,5205.8,2308000000
2024-04-03,5211.48,2225000000
2024-04-04,5147.2,2453000000
2024-04-05,5204.35,2119000000
2024-04-08,5202.38,1937000000
2024-04-09,5209.92,2000000000
2024-04-10,5160.65,2246000000
2024-04-11,5199.05,2155000000
2024-04-12,5123.4,2319000000
2024-04-15,5061.81,2242000000
2024-04-16,5051.4,2301000000
2024-04-17,5022.22,2247000000
2024-04-18,5011.11,2163000000
2024-04-19,4967.24,2633000000
2024-04-22,5010.59,2265000000
2024-04-23,5070.56,2227000000
2024-04-24,5071.62,2457000000
2024-04-25,5048.41,2637000000
2024-04-26,5099.95,2342000000
2024-04-29,5116.16,2270000000
2024-04-30,5035.7,2656000000
2024-05-01,5018.4,2826000000
2024-05-02,5064.19,2501000000
2024-05-03,5127.8,2329000000
2024-05-06,5180.73,2115000000
2024-05-07,5187.71,2198000000
2024-05-08,5187.66,2062000000
2024-05-09,5214.07,1900000000
2024-05-10,5222.69,1848000000
2024-05-13,5221.41,1891000000
2024-05-14,5246.69,1967000000
2024-05-15,5308.14,2215000000
2024-05-16,5297.09,2151000000
2024-05-17,5303.26,1915000000
2024-05-20,5308.12,1769000000
2024-05-21,5321.42,1904000000
2024-05-22,5307.02,2027000000
2024-05-23,5267.85,2204000000
2024-05-24,5304.71,1690000000
2024-05-28,5306.03,2036000000
2024-05-29,5266.96,2157000000
2024-05-30,5235.47,2206000000
2024-05-31,5277.5,3699000000
2024-06-03,5283.41,2163000000
2024-06-04,5291.35,2084000000
2024-06-05,5354.04,2072000000
2024-06-06,5352.95,1959000000
2024-06-07,5346.98,1776000000
2024-06-10,5360.78,2344000000
2024-06-11,5375.31,2203000000
2024-06-12,5421.02,2659000000
2024-06-13,5433.75,2322000000
2024-06-14,5431.61,2188000000
2024-06-17,5473.24,2361000000
2024-06-18,5487.02,2383000000
2024-06-20,5473.16,2806000000
2024-06-21,5464.61,4696000000
2024-06-24,5447.88,2640000000
2024-06-25,5469.29,2457000000
2024-06-26,5477.91,2464000000
2024-06-27,5482.88,2381000000
2024-06-28,5460.49,3783000000
2024-07-01,5475.1,2329000000
2024-07-02,5509.02,2225000000
2024-07-03,5537.01,1539000000
2024-07-05,5567.2,2120000000
2024-07-08,5572.86,2024000000
2024-07-09,5576.97,2346000000
2024-07-10,5633.92,2232000000
2024-07-11,5584.55,2795000000
2024-07-12,5615.34,2456000000
2024-07-15,5631.21,2293000000
2024-07-16,5667.21,2440000000
2024-07-17,5588.28,3065000000
2024-07-18,5544.58,2824000000
2024-07-19,5504.99,2503000000
2024-07-22,5564.4,2385000000
2024-07-23,5555.75,3500210000
2024-07-24,5427.12,3945550000
2024-07-25,5399.23,4592120000
2024-07-26,5459.09,3638770000
2024-07-29,5463.55,3379970000
2024-07-30,5436.45,3777740000
2024-07-31,5522.29,4546910000
2024-08-01,5446.69,4703620000
2024-08-02,5346.55,5156450000
2024-08-05,5186.34,5333250000
2024-08-06,5240.04,4690190000
2024-08-07,5199.51,4558260000
2024-08-08,5319.3,4016830000
2024-08-09,5344.15,3516400000
2024-08-12,5344.38,3360160000
2024-08-13,5434.44,3648980000
2024-08-14,5455.2,3380050000
2024-08-15,5543.21,3723310000
2024-08-16,5554.26,3357690000
2024-08-19,5608.24,3222050000
2024-08-20,5597.11,2994420000
2024-08-21,5620.84,3119670000
2024-08-22,5570.65,2981530000
2024-08-23,5634.6,3291940000
2024-08-26,5616.85,2938570000
2024-08-27,5625.79,2798990000
2024-08-28,5592.19,3053450000
2024-08-29,5591.95,3065640000
2024-08-30,5648.39,4185850000
2024-09-03,5528.92,3866350000
2024-09-04,5520.08,3478140000
2024-09-05,5503.42,3521650000
2024-09-06,5408.43,3822800000
2024-09-09,5471.06,3825940000
2024-09-10,5495.53,3848180000
2024-09-11,5554.14,3839450000
2024-09-12,5595.75,3655070000
2024-09-13,5626.01,3500790000
2024-09-16,5633.08,3437070000
2024-09-17,5634.57,3443600000
2024-09-18,5618.25,3691390000
2024-09-19,5713.65,4024530000
2024-09-20,5702.54,7867260000
2024-09-23,5718.58,3529550000
2024-09-24,5732.94,3872710000
2024-09-25,5722.27,3624910000
2024-09-26,5745.36,4391180000
2024-09-27,5738.16,3898530000
2024-09-30,5762.49,4425730000
2024-10-01,5708.74,4025180000
2024-10-02,5709.55,3829050000
2024-10-03,5699.95,3597450000
2024-10-04,5751.06,3479400000
2024-10-07,5695.93,3637790000
2024-10-08,5751.14,3393400000
2024-10-09,5792.05,3650340000
2024-10-10,5780.04,3208790000
2024-10-11,5815.04,3208720000
2024-10-14,5859.86,3005250000
2024-10-15,5815.25,3882120000
2024-10-16,5842.48,3467230000
2024-10-17,5841.48,3480010000
2024-10-18,5864.68,3374490000
2024-10-21,5853.97,3407010000
2024-10-22,5851.19,3342080000
2024-10-23,5797.43,3532650000
2024-10-24,5809.87,3543030000
2024-10-25,5808.11,3501280000
2024-10-28,5823.51,3691280000
2024-10-29,5832.91,3879100000
2024-10-30,5813.66,3851120000
2024-10-31,5705.44,4425660000
2024-11-01,5728.81,3796450000
2024-11-04,5712.68,3602060000
2024-11-05,5782.77,3768310000
2024-11-06,5929.03,6329530000
2024-11-07,5973.09,4925740000
2024-11-08,5995.53,4666740000
2024-11-11,6001.34,4333000000
2024-11-12,5984.0,4243400000
2024-11-13,5985.39,4220180000
2024-11-14,5949.16,4184570000
2024-11-15,5870.63,4590960000
2024-11-18,5893.61,3983860000
2024-11-19,5916.97,4036940000
2024-11-20,5917.12,3772620000
2024-11-21,5948.7,4230120000
2024-11-22,5969.33,4141420000
2024-11-25,5987.38,5633150000
2024-11-26,6021.64,3835170000
2024-11-27,5998.73,3363340000
2024-11-29,6032.39,2444420000
2024-12-02,6047.14,4412470000
2024-12-03,6049.87,4095000000
2024-12-04,6086.48,4003390000
2024-12-05,6075.1,4212020000
2024-12-06,6090.28,3924830000
2024-12-09,6052.84,4556460000
2024-12-10,6034.9,4048410000
2024-12-11,6084.18,4269950000
2024-12-12,6051.25,3678010000
2024-12-13,6051.08,3584960000
2024-12-16,6074.07,4391100000
2024-12-17,6050.6,4544500000
2024-12-18,5872.17,5246960000
2024-12-19,5867.07,4896880000
2024-12-20,5930.84,8223220000
2024-12-23,5974.08,3593280000
2024-12-24,6040.05,1757720000
2024-12-26,6037.58,2904530000
2024-12-27,5970.85,3159610000
2024-12-30,5906.95,3433250000
2024-12-31,5881.62,3128350000
2025-01-02,5868.56,3621680000
2025-01-03,5942.46,3667340000
2025-01-06,5975.37,4940120000
2025-01-07,5909.02,4517330000
2025-01-08,5918.26,4441740000
2025-01-10,5827.03,4751930000
2025-01-13,5836.21,4421200000
2025-01-14,5842.9,4142280000
2025-01-15,5949.92,4544570000
2025-01-16,5937.35,4285810000
2025-01-17,5996.65,4366830000
2025-01-21,6049.23,4702920000
2025-01-22,6086.36,4323040000
2025-01-23,6118.72,4432250000
2025-01-24,6101.25,4214250000
2025-01-27,6012.29,5198750000
2025-01-28,6067.71,4473640000
2025-01-29,6039.32,4115310000
2025-01-30,6071.18,4634620000
2025-01-31,6040.52,4843770000
2025-02-03,5994.58,4797210000
2025-02-04,6037.89,4410160000
2025-02-05,6061.47,4756250000
2025-02-06,6083.56,4847120000
2025-02-07,6025.98,4766900000
2025-02-10,6066.45,4458760000
2025-02-11,6068.49,4324880000
2025-02-12,6051.98,4627960000
2025-02-13,6115.08,4763800000
2025-02-14,6114.62,4335190000
2025-02-18,6129.57,4684980000
2025-02-19,6144.14,4562330000
2025-02-20,6117.51,4813690000
2025-02-21,6013.12,5434560000
2025-02-24,5983.26,4990120000
2025-02-25,5955.26,5374690000
2025-02-26,5956.07,4869580000
2025-02-27,5861.56,5057680000
2025-02-28,5954.51,6441140000
2025-03-03,5849.71,5613850000
2025-03-04,5778.14,6138110000
2025-03-05,5842.62,5285970000
2025-03-06,5738.53,5165080000
2025-03-07,5770.19,5705140000
2025-03-10,5614.55,6409370000
2025-03-11,5572.08,6221240000
2025-03-12,5599.29,5219830000
2025-03-13,5521.53,5018980000
2025-03-14,5638.93,4863180000
2025-03-17,5675.11,5031770000
2025-03-18,5614.65,4666270000
2025-03-19,5675.3,4660090000
2025-03-20,5662.88,4678420000
2025-03-21,5667.57,9367460000
2025-03-24,5767.56,4517990000
2025-03-25,5776.66,4467340000
2025-03-26,5712.21,4183140000
2025-03-27,5693.32,4403460000
2025-03-28,5580.95,4513330000
2025-03-31,5611.84,5257250000
2025-04-01,5633.06,4434500000
2025-04-02,5670.98,4243830000
2025-04-03,5396.51,7210470000
2025-04-04,5074.09,8853500000
2025-04-07,5062.24,8691980000
2025-04-08,4982.78,7408140000
2025-04-09,5456.89,9489600000
2025-04-10,5268.06,6677140000
2025-04-11,5363.35,5602550000
2025-04-14,5405.96,5031440000
2025-04-15,5396.62,4317110000
2025-04-16,5275.71,4607750000
2025-04-17,5282.69,4714880000
2025-04-21,5158.19,4226340000
2025-04-22,5287.77,4666950000
2025-04-23,5375.85,5371390000
2025-04-24,5484.78,4697710000
2025-04-25,5525.22,4236580000
2025-04-28,5528.74,4257880000
2025-04-29,5560.82,4747150000
2025-04-30,5569.07,5449490000
2025-05-01,5604.13,4935270000
2025-05-02,5686.66,4854380000
2025-05-05,5650.37,4358260000
2025-05-06,5606.9,4717260000
2025-05-07,5631.27,4987440000
2025-05-08,5663.95,5627400000
2025-05-09,5659.9,4645090000
2025-05-12,5844.2,6014580000
2025-05-13,5886.54,5516290000
2025-05-14,5892.57,5233450000
2025-05-15,5916.92,4991290000
2025-05-16,5958.37,4850850000
2025-05-19,5963.59,4144010000
2025-05-20,5940.45,4416850000
2025-05-21,5844.62,5254250000
2025-05-22,5842.0,5157050000
2025-05-23,5802.83,4662820000
2025-05-27,5921.53,5366380000
2025-05-28,5888.56,4665050000
2025-05-29,5912.18,4569750000
2025-05-30,5911.68,6378540000
2025-06-02,5935.95,4832240000
2025-06-03,5970.36,5026680000
2025-06-04,5970.82,4767050000
2025-06-05,5939.29,5091850000
2025-06-06,6000.37,4355710000
2025-06-09,6005.89,4642360000
2025-06-10,6038.8,4882880000
2025-06-11,6022.25,5111550000
2025-06-12,6045.25,4669500000
2025-06-13,5976.96,5258910000
2025-06-16,6033.12,5111710000
2025-06-17,5982.73,4955700000
2025-06-18,5980.86,5106470000
2025-06-20,5967.85,7451500000
2025-06-23,6025.16,5597000000
2025-06-24,6092.19,5443690000
2025-06-25,6092.15,5171110000
2025-06-26,6141.01,5308140000
2025-06-27,6173.08,7889350000
2025-06-30,6204.94,5782900000
2025-07-01,6198.02,6275310000
2025-07-02,6227.41,5645710000
2025-07-03,6279.36,3378110000
2025-07-07,6229.99,5236740000
2025-07-08,6225.51,5739030000
2025-07-09,6263.25,4813340000
2025-07-10,6280.47,5367350000
2025-07-11,6259.74,4656210000
2025-07-14,6268.55,4722250000
2025-07-15,6243.77,5133670000
2025-07-16,6263.71,5177460000
2025-07-17,6297.35,5512290000
2025-07-18,6296.78,5184700000
2025-07-21,6305.59,5010840000
2025-07-22,6309.63,5662040000
2025-07-23,6358.9,5642510000
2025-07-24,6363.36,5282720000
2025-07-25,6388.65,4470720000
2025-07-28,6389.76,4565620000
2025-07-29,6370.87,5076120000
2025-07-30,6362.89,5375070000
2025-07-31,6339.38,6077080000
2025-08-01,6238.0,5827150000
2025-08-04,6329.93,4842580000
2025-08-05,6299.2,5517410000
2025-08-06,6345.05,5408560000
2025-08-07,6339.99,5306090000
2025-08-08,6389.44,4769910000
2025-08-11,6373.46,4652400000
2025-08-12,6445.75,5135300000
2025-08-13,6466.59,5195950000
2025-08-14,6468.53,4462050000
2025-08-15,6449.79,4575060000
2025-08-18,6449.16,4162290000
2025-08-19,6411.36,4377440000
2025-08-20,6395.79,4470390000
2025-08-21,6370.18,4013560000
2025-08-22,6466.92,5046860000
2025-08-25,6439.31,4059070000
2025-08-26,6465.95,4867680000
2025-08-27,6481.41,4143680000
2025-08-28,6501.85,4283760000
2025-08-29,6460.25,4234840000
2025-09-02,6415.53,4784000000
2025-09-03,6448.27,4465360000
2025-09-04,6502.09,4670770000
2025-09-05,6481.51,5066120000
2025-09-08,6495.16,5211500000
2025-09-09,6512.62,4798350000
2025-09-10,6532.03,5253010000
2025-09-11,6587.48,5426460000
2025-09-12,6584.28,4641640000
2025-09-15,6615.29,5045020000
2025-09-16,6606.77,5359510000
2025-09-17,6600.36,5805340000
2025-09-18,6631.95,5292400000
2025-09-19,6664.37,9125960000
2025-09-22,6693.74,5642620000
2025-09-23,6656.93,5633620000
2025-09-24,6637.98,5459180000
2025-09-25,6604.73,5874670000
2025-09-26,6643.71,5103110000
2025-09-29,6661.2,5358760000
2025-09-30,6688.47,6057210000
2025-10-01,6711.19,6037950000
2025-10-02,6715.36,5416130000
2025-10-03,6715.78,5713110000
2025-10-06,6740.29,5604460000
2025-10-07,6714.58,5546150000
2025-10-08,6753.71,5383130000
2025-10-09,6735.12,5385020000
2025-10-10,6552.52,6596610000
2025-10-13,6654.71,5303960000
2025-10-14,6644.3,5666920000
2025-10-15,6671.07,5633060000
2025-10-16,6629.08,6048180000
2025-10-17,6664.0,5358120000
2025-10-20,6735.14,4672170000
2025-10-21,6735.34,5245020000
2025-10-22,6699.41,5710010000
2025-10-23,6738.43,5565750000
2025-10-24,6791.68,5058220000
2025-10-27,6875.15,5290650000
2025-10-28,6890.88,5695930000
2025-10-29,6890.6,6280130000
2025-10-30,6822.35,6052700000
2025-10-31,6840.19,6398280000
2025-11-03,6851.98,6065720000
2025-11-04,6771.54,5739510000
2025-11-05,6796.3,5939600000
2025-11-06,6720.31,6051900000
2025-11-07,6728.81,5926070000
2025-11-10,6832.42,5366050000
2025-11-11,6846.62,4983490000
2025-11-12,6850.93,5293610000
2025-11-13,6737.48,5473720000
2025-11-14,6734.1,5042660000
2025-11-17,6672.42,5204220000
2025-11-18,6617.33,5159390000
2025-11-19,6642.15,5021610000
2025-11-20,6538.77,5596080000
2025-11-21,6602.98,5929930000
2025-11-24,6705.11,6039740000
2025-11-25,6765.89,5003330000
2025-11-26,6812.6,4485000000
2025-11-28,6849.08,2558540000
2025-12-01,6812.62,4549370000
2025-12-02,6829.38,4582290000
2025-12-03,6849.71,4736780000
2025-12-04,6857.13,4872440000
2025-12-05,6870.39,4944560000
2025-12-08,6846.5,4757130000
2025-12-09,6840.5,4508050000
2025-12-10,6886.69,5526570000
2025-12-11,6901.01,5021060000
2025-12-12,6827.42,4910160000
2025-12-15,6816.52,4975600000
2025-12-16,6800.25,4983180000
2025-12-17,6721.42,5122120000
2025-12-18,6774.75,5101190000
2025-12-19,6834.49,8554470000
2025-12-22,6878.48,4465030000
2025-12-23,6897.84,910935021
